Element;h_index;g_index;m_index;TC;NP;PY_start
PHYSICA A-STATISTICAL MECHANICS AND ITS APPLICATIONS;20;34;0,952;1468;96;2002
PHYSICAL REVIEW E;20;36;0,833;1402;54;1999
PLOS ONE;19;32;1,267;1339;89;2008
JASSS-THE JOURNAL OF ARTIFICIAL SOCIETIES AND SOCIAL SIMULATION;18;31;0,818;1380;120;2001
PROCEEDINGS OF THE NATIONAL ACADEMY OF SCIENCES OF THE UNITED STATES OF AMERICA;16;20;0,842;1063;20;2004
ENVIRONMENTAL MODELLING & SOFTWARE;15;17;0,750;1041;17;2003
IEEE TRANSACTIONS ON AUTOMATIC CONTROL;15;24;1,000;2073;24;2008
ECOLOGICAL MODELLING;14;21;0,500;478;24;1995
JOURNAL OF ECONOMIC DYNAMICS & CONTROL;14;18;0,519;1112;18;1996
TRANSPORTATION RESEARCH PART C-EMERGING TECHNOLOGIES;14;17;1,556;647;17;2014
INTERNATIONAL JOURNAL OF CONTROL;13;22;0,929;957;22;2009
PLOS COMPUTATIONAL BIOLOGY;13;23;0,722;787;23;2005
AUTOMATICA;11;14;0,733;739;14;2008
AUTONOMOUS AGENTS AND MULTI-AGENT SYSTEMS;11;21;0,478;633;21;2000
CONSTRUCTION AND BUILDING MATERIALS;11;15;0,579;488;15;2004
NEUROCOMPUTING;11;18;0,733;355;22;2008
COMPUTERS ENVIRONMENT AND URBAN SYSTEMS;10;13;0,769;315;13;2010
EXPERT SYSTEMS WITH APPLICATIONS;10;15;0,476;310;15;2002
IEEE ACCESS;10;14;1,429;272;39;2016
IEEE TRANSACTIONS ON SYSTEMS MAN CYBERNETICS-SYSTEMS;10;16;1,000;430;16;2013
IET CONTROL THEORY AND APPLICATIONS;10;18;0,769;502;18;2010
INTERNATIONAL JOURNAL OF ROBUST AND NONLINEAR CONTROL;10;16;0,909;360;16;2012
JOURNAL OF APPLIED POLYMER SCIENCE;10;13;0,323;218;13;1992
JOURNAL OF ECONOMIC BEHAVIOR & ORGANIZATION;10;14;0,370;229;18;1996
JOURNAL OF STATISTICAL MECHANICS-THEORY AND EXPERIMENT;10;14;0,667;253;24;2008
JOURNAL OF THE ACOUSTICAL SOCIETY OF AMERICA;10;14;0,667;212;14;2008
JOURNAL OF THEORETICAL BIOLOGY;10;18;0,357;334;23;1995
MACROMOLECULES;10;12;0,370;840;12;1996
SCIENTIFIC REPORTS;10;16;1,111;303;28;2014
SIMULATION MODELLING PRACTICE AND THEORY;10;18;0,476;329;20;2002
ADAPTIVE BEHAVIOR;9;17;0,333;302;19;1996
EUROPEAN PHYSICAL JOURNAL B;9;11;0,500;146;15;2005
IEEE TRANSACTIONS ON CYBERNETICS;9;16;1,800;276;16;2018
INFORMATION SCIENCES;9;19;0,600;369;19;2008
JOURNAL OF THE FRANKLIN INSTITUTE-ENGINEERING AND APPLIED MATHEMATICS;9;12;0,409;162;13;2001
JOURNAL OF THE ROYAL SOCIETY INTERFACE;9;11;0,750;288;11;2011
PROCEEDINGS OF THE ROYAL SOCIETY B-BIOLOGICAL SCIENCES;9;12;0,375;291;12;1999
CHAOS SOLITONS & FRACTALS;8;16;0,471;268;17;2006
COMPUTATIONAL AND MATHEMATICAL ORGANIZATION THEORY;8;13;0,533;197;20;2008
COMPUTATIONAL ECONOMICS;8;12;0,615;158;15;2010
ECOLOGY AND SOCIETY;8;9;0,444;548;9;2005
ENGINEERING APPLICATIONS OF ARTIFICIAL INTELLIGENCE;8;11;0,533;182;11;2008
INTERNATIONAL JOURNAL OF SYSTEMS SCIENCE;8;13;0,444;181;14;2005
NONLINEAR DYNAMICS;8;13;0,889;269;13;2014
PHYSICA D-NONLINEAR PHENOMENA;8;9;0,421;344;9;2004
SAFETY SCIENCE;8;12;0,727;370;12;2012
ARTIFICIAL INTELLIGENCE;7;9;0,241;442;9;1994
COGNITIVE SYSTEMS RESEARCH;7;9;0,538;90;9;2010
ENVIRONMENT AND PLANNING B-PLANNING & DESIGN;7;8;0,389;160;8;2005
EUROPEAN JOURNAL OF OPERATIONAL RESEARCH;7;10;0,333;248;10;2002
INTERNATIONAL JOURNAL OF CONTROL AUTOMATION AND SYSTEMS;7;10;0,538;122;17;2010
INTERNATIONAL JOURNAL OF MODERN PHYSICS C;7;20;0,368;411;23;2004
JOURNAL OF ENVIRONMENTAL MANAGEMENT;7;8;0,292;297;8;1999
POLYMER ENGINEERING AND SCIENCE;7;10;0,333;332;10;2002
SYSTEMS & CONTROL LETTERS;7;8;0,538;432;8;2010
ADVANCES IN COMPLEX SYSTEMS;6;12;0,353;210;12;2006
ASIAN JOURNAL OF CONTROL;6;7;0,400;173;7;2008
BIOLOGICAL CYBERNETICS;6;7;0,429;443;7;2009
CHAOS;6;10;0,316;111;10;2004
COMPLEXITY;6;14;0,462;233;21;2010
ENTROPY;6;8;0,600;98;8;2013
FRONTIERS IN PSYCHOLOGY;6;11;0,545;297;11;2012
IEEE TRANSACTIONS ON CONTROL OF NETWORK SYSTEMS;6;10;0,857;154;10;2016
IEEE TRANSACTIONS ON INDUSTRIAL ELECTRONICS;6;6;0,545;400;6;2012
IEEE TRANSACTIONS ON SYSTEMS MAN AND CYBERNETICS PART A-SYSTEMS AND HUMANS;6;7;0,273;273;7;2001
INDUSTRIAL & ENGINEERING CHEMISTRY RESEARCH;6;8;0,353;187;8;2006
ISIJ INTERNATIONAL;6;10;0,316;111;11;2004
JOURNAL OF ECONOMIC PSYCHOLOGY;6;7;0,194;109;7;1992
JOURNAL OF PETROLEUM SCIENCE AND ENGINEERING;6;8;0,333;296;8;2005
MATHEMATICAL MODELS & METHODS IN APPLIED SCIENCES;6;8;0,462;113;8;2010
SENSORS;6;7;0,667;70;11;2014
SIMULATION-TRANSACTIONS OF THE SOCIETY FOR MODELING AND SIMULATION INTERNATIONAL;6;15;0,333;337;15;2005
STATISTICS IN MEDICINE;6;6;0,316;123;6;2004
TECHNOLOGICAL FORECASTING AND SOCIAL CHANGE;6;6;0,429;323;6;2009
ANIMAL BEHAVIOUR;5;6;0,278;158;6;2005
APPLIED ENERGY;5;5;0,417;179;5;2011
ARTIFICIAL LIFE;5;7;0,217;143;7;2000
BEHAVIORAL ECOLOGY;5;5;0,294;78;5;2006
CHEMICAL ENGINEERING SCIENCE;5;5;0,161;240;5;1992
CLINICAL THERAPEUTICS;5;5;0,357;110;5;2009
COMPUTATIONAL INTELLIGENCE;5;6;0,313;41;6;2007
DECISION SUPPORT SYSTEMS;5;6;0,278;84;6;2005
IEEE TRANSACTIONS ON CIRCUITS AND SYSTEMS I-REGULAR PAPERS;5;6;0,455;279;6;2012
IEEE TRANSACTIONS ON EVOLUTIONARY COMPUTATION;5;5;0,208;174;5;1999
IEEE TRANSACTIONS ON INTELLIGENT TRANSPORTATION SYSTEMS;5;8;0,333;122;8;2008
IEEE TRANSACTIONS ON POWER SYSTEMS;5;6;0,294;88;6;2006
JOURNAL OF ARCHAEOLOGICAL METHOD AND THEORY;5;5;0,556;46;5;2014
JOURNAL OF HAZARDOUS MATERIALS;5;6;0,167;216;6;1993
JOURNAL OF INTELLIGENT & ROBOTIC SYSTEMS;5;5;0,385;54;5;2010
JOURNAL OF MARKETING RESEARCH;5;5;0,333;243;5;2008
LANDSCAPE ECOLOGY;5;5;0,313;722;5;2007
MANAGEMENT SCIENCE;5;5;0,217;191;5;2000
PHYSICS LETTERS A;5;5;0,455;66;5;2012
POLYMER;5;5;0,227;208;5;2001
ROYAL SOCIETY OPEN SCIENCE;5;11;0,625;128;11;2015
SIAM JOURNAL ON APPLIED MATHEMATICS;5;7;0,192;166;7;1997
SPE JOURNAL;5;7;0,192;145;7;1997
TETSU TO HAGANE-JOURNAL OF THE IRON AND STEEL INSTITUTE OF JAPAN;5;8;0,313;66;8;2007
AI COMMUNICATIONS;4;4;0,364;33;4;2012
AICHE JOURNAL;4;4;0,308;75;4;2010
AMERICAN JOURNAL OF EPIDEMIOLOGY;4;5;0,222;267;5;2005
ANNALS OF REGIONAL SCIENCE;4;4;0,133;48;4;1993
APPLIED ARTIFICIAL INTELLIGENCE;4;7;0,143;63;8;1995
APPLIED SCIENCES-BASEL;4;5;0,500;39;10;2015
AUTOMATION IN CONSTRUCTION;4;4;0,333;82;4;2011
BUILDING AND ENVIRONMENT;4;4;0,364;252;4;2012
BULLETIN OF MATHEMATICAL BIOLOGY;4;4;0,200;119;4;2003
CHEMOSPHERE;4;5;0,250;59;5;2007
CHINESE PHYSICS B;4;4;0,444;25;8;2014
COMMUNICATIONS IN NONLINEAR SCIENCE AND NUMERICAL SIMULATION;4;9;0,286;139;9;2009
ENERGIES;4;5;1,000;29;6;2019
ENERGY AND BUILDINGS;4;6;0,364;183;6;2012
ENVIRONMENTAL RESEARCH LETTERS;4;4;0,500;59;4;2015
EPL;4;4;0,286;118;4;2009
FRONTIERS IN HUMAN NEUROSCIENCE;4;4;0,364;238;4;2012
GAMES AND ECONOMIC BEHAVIOR;4;4;0,182;212;4;2001
IEEE ROBOTICS AND AUTOMATION LETTERS;4;6;1,000;74;6;2019
IEEE TRANSACTIONS ON AUTOMATION SCIENCE AND ENGINEERING;4;4;0,308;150;4;2010
IEEE TRANSACTIONS ON CONTROL SYSTEMS TECHNOLOGY;4;5;0,286;154;5;2009
IEEE TRANSACTIONS ON ROBOTICS;4;5;0,267;186;5;2008
IEEE TRANSACTIONS ON SIGNAL PROCESSING;4;4;0,364;168;4;2012
IEEE TRANSACTIONS ON SYSTEMS MAN AND CYBERNETICS PART B-CYBERNETICS;4;4;0,154;76;4;1997
IET GENERATION TRANSMISSION & DISTRIBUTION;4;4;0,333;77;4;2011
INTERNATIONAL JOURNAL OF ANTIMICROBIAL AGENTS;4;4;0,235;53;4;2006
INTERNATIONAL JOURNAL OF ENVIRONMENTAL RESEARCH AND PUBLIC HEALTH;4;6;0,667;56;6;2017
INTERNATIONAL JOURNAL OF HUMAN-COMPUTER STUDIES;4;4;0,211;57;4;2004
INTERNATIONAL JOURNAL OF PRODUCTION RESEARCH;4;5;0,167;283;5;1999
INTERNATIONAL JOURNAL OF ROBOTICS RESEARCH;4;5;0,250;70;5;2007
ISA TRANSACTIONS;4;4;1,000;46;4;2019
JOURNAL OF APPLIED ECOLOGY;4;5;0,133;79;5;1993
JOURNAL OF CLEANER PRODUCTION;4;5;0,364;189;5;2012
JOURNAL OF COMPUTATIONAL SCIENCE;4;5;0,364;34;7;2012
JOURNAL OF ECONOMETRICS;4;4;0,286;187;4;2009
JOURNAL OF ECONOMIC INTERACTION AND COORDINATION;4;8;0,267;68;12;2008
JOURNAL OF EVOLUTIONARY ECONOMICS;4;5;0,190;200;5;2002
JOURNAL OF SIMULATION;4;6;0,308;46;7;2010
JOURNAL OF STATISTICAL PHYSICS;4;6;0,286;117;6;2009
JOURNAL OF THE AMERICAN STATISTICAL ASSOCIATION;4;4;0,160;160;4;1998
LAND USE POLICY;4;5;0,333;128;5;2011
MATHEMATICAL PROBLEMS IN ENGINEERING;4;4;0,333;24;8;2011
MIS QUARTERLY;4;4;0,211;358;4;2004
NEURAL COMPUTATION;4;5;0,667;144;5;2017
NEUROIMAGE;4;4;0,308;73;4;2010
OPTICS EXPRESS;4;5;0,267;68;5;2008
PROCEEDINGS OF THE IEEE;4;4;0,235;86;4;2006
RISK ANALYSIS;4;4;0,211;66;4;2004
SCIENCE CHINA-INFORMATION SCIENCES;4;5;0,571;43;5;2016
SIAM JOURNAL ON CONTROL AND OPTIMIZATION;4;4;0,400;67;4;2013
SOCIAL NETWORKS;4;4;0,200;193;4;2003
SUSTAINABILITY;4;6;0,333;45;11;2011
SYMMETRY-BASEL;4;4;0,800;43;4;2018
TRANSPORTATION RESEARCH PART A-POLICY AND PRACTICE;4;5;0,800;48;5;2018
ULTRASOUND IN MEDICINE AND BIOLOGY;4;4;0,174;104;4;2000
ACM TRANSACTIONS ON AUTONOMOUS AND ADAPTIVE SYSTEMS;3;3;0,214;12;3;2009
ACM TRANSACTIONS ON INTELLIGENT SYSTEMS AND TECHNOLOGY;3;4;0,300;29;4;2013
ACM TRANSACTIONS ON MODELING AND COMPUTER SIMULATION;3;4;0,200;56;4;2008
ACTA PHYSICA SINICA;3;3;0,231;13;4;2010
ADVANCES IN CIVIL ENGINEERING;3;4;0,600;18;4;2018
AGRICULTURAL SYSTEMS;3;3;0,167;128;3;2005
AMERICAN JOURNAL OF SOCIOLOGY;3;3;0,167;329;3;2005
AMERICAN NATURALIST;3;3;0,375;32;3;2015
ANNALS OF PHARMACOTHERAPY;3;3;0,231;74;3;2010
ANNALS OF THE ASSOCIATION OF AMERICAN GEOGRAPHERS;3;4;0,188;134;4;2007
APPLIED INTELLIGENCE;3;3;0,136;15;4;2001
APPLIED MATHEMATICS AND COMPUTATION;3;6;0,375;56;6;2015
APPLIED SOFT COMPUTING;3;4;0,167;93;4;2005
ATMOSPHERIC CHEMISTRY AND PHYSICS;3;3;0,200;134;3;2008
BIOLOGICALLY INSPIRED COGNITIVE ARCHITECTURES;3;4;0,273;26;4;2012
BIOMECHANICS AND MODELING IN MECHANOBIOLOGY;3;3;0,273;56;3;2012
BIOSYSTEMS;3;4;0,200;85;4;2008
BMC INFECTIOUS DISEASES;3;3;0,250;31;3;2011
BRAIN RESEARCH;3;3;0,130;104;3;2000
BRITISH JOURNAL OF SOCIAL PSYCHOLOGY;3;3;0,214;76;3;2009
CEMENT & CONCRETE COMPOSITES;3;3;0,250;167;3;2011
CHEMICAL JOURNAL OF CHINESE UNIVERSITIES-CHINESE;3;3;0,120;13;3;1998
CHINESE JOURNAL OF AERONAUTICS;3;3;0,500;88;3;2017
CHINESE JOURNAL OF PHYSICS;3;3;0,429;9;3;2016
COGNITION;3;3;0,214;41;3;2009
COMPOSITES PART B-ENGINEERING;3;3;0,429;42;3;2016
COMPUTERS & MATHEMATICS WITH APPLICATIONS;3;3;0,250;38;3;2011
CONNECTION SCIENCE;3;3;0,167;56;3;2005
DEMOGRAPHIC RESEARCH;3;3;0,188;94;3;2007
DISCRETE AND CONTINUOUS DYNAMICAL SYSTEMS-SERIES B;3;3;0,750;13;3;2019
DISCRETE DYNAMICS IN NATURE AND SOCIETY;3;4;0,136;23;6;2001
ECOLOGICAL ECONOMICS;3;3;0,600;53;3;2018
ECOLOGICAL INFORMATICS;3;4;0,200;192;4;2008
ECONOMIC THEORY;3;4;0,111;74;4;1996
ECOSPHERE;3;3;0,333;83;3;2014
ELECTROPHORESIS;3;3;0,125;38;3;1999
ENERGY & FUELS;3;3;0,188;49;3;2007
FRONTIERS IN PHYSICS;3;4;0,600;23;5;2018
FRONTIERS IN ROBOTICS AND AI;3;3;0,500;32;3;2017
GLOBAL ENVIRONMENTAL CHANGE-HUMAN AND POLICY DIMENSIONS;3;5;0,250;128;5;2011
HYDROMETALLURGY;3;4;0,120;80;4;1998
IEEE INTERNET OF THINGS JOURNAL;3;4;1,000;21;4;2020
IEEE SYSTEMS JOURNAL;3;4;0,273;21;4;2012
IEEE TRANSACTIONS ON AFFECTIVE COMPUTING;3;3;0,231;80;3;2010
IEEE TRANSACTIONS ON AUTONOMOUS MENTAL DEVELOPMENT;3;3;0,231;55;3;2010
IEEE TRANSACTIONS ON CIRCUITS AND SYSTEMS II-EXPRESS BRIEFS;3;3;0,333;20;3;2014
IEEE TRANSACTIONS ON COGNITIVE AND DEVELOPMENTAL SYSTEMS;3;4;0,600;17;4;2018
IEEE TRANSACTIONS ON COMPUTATIONAL SOCIAL SYSTEMS;3;5;0,600;32;5;2018
IEEE TRANSACTIONS ON INDUSTRIAL INFORMATICS;3;4;0,750;71;4;2019
IEEE TRANSACTIONS ON KNOWLEDGE AND DATA ENGINEERING;3;3;0,500;77;3;2017
IEEE TRANSACTIONS ON NETWORK SCIENCE AND ENGINEERING;3;3;0,500;32;3;2017
IEEE TRANSACTIONS ON NEURAL NETWORKS AND LEARNING SYSTEMS;3;3;0,375;284;3;2015
IEEE TRANSACTIONS ON ULTRASONICS FERROELECTRICS AND FREQUENCY CONTROL;3;3;0,176;50;3;2006
IEEE TRANSACTIONS ON VEHICULAR TECHNOLOGY;3;3;0,429;29;3;2016
INTERNATIONAL JOURNAL OF ADHESION AND ADHESIVES;3;5;0,300;49;5;2013
INTERNATIONAL JOURNAL OF ADVANCED ROBOTIC SYSTEMS;3;4;0,200;24;8;2008
INTERNATIONAL JOURNAL OF CLINICAL PHARMACOLOGY AND THERAPEUTICS;3;3;0,097;19;3;1992
INTERNATIONAL JOURNAL OF ELECTRICAL POWER & ENERGY SYSTEMS;3;3;0,273;37;3;2012
INTERNATIONAL JOURNAL OF OPERATIONS & PRODUCTION MANAGEMENT;3;3;0,176;63;3;2006
INVESTIGATIVE RADIOLOGY;3;3;0,188;212;3;2007
ISPRS INTERNATIONAL JOURNAL OF GEO-INFORMATION;3;3;0,750;19;3;2019
JOURNAL OF CONSTRUCTION ENGINEERING AND MANAGEMENT;3;3;0,214;117;3;2009
JOURNAL OF DYNAMIC SYSTEMS MEASUREMENT AND CONTROL-TRANSACTIONS OF THE ASME;3;3;0,231;27;3;2010
JOURNAL OF ENVIRONMENTAL PSYCHOLOGY;3;5;0,143;64;5;2002
JOURNAL OF EXPERIMENTAL PSYCHOLOGY-GENERAL;3;4;0,200;77;4;2008
JOURNAL OF FLUID MECHANICS;3;3;0,300;22;3;2013
JOURNAL OF HYDROINFORMATICS;3;3;0,176;26;3;2006
JOURNAL OF MACHINE LEARNING RESEARCH;3;3;0,158;63;3;2004
JOURNAL OF MATHEMATICAL BIOLOGY;3;3;0,214;104;3;2009
JOURNAL OF MATHEMATICAL SOCIOLOGY;3;4;0,107;35;4;1995
JOURNAL OF PHYSICAL CHEMISTRY A;3;3;0,333;40;3;2014
JOURNAL OF POLYMER SCIENCE PART A-POLYMER CHEMISTRY;3;3;0,125;90;3;1999
JOURNAL OF PRODUCT INNOVATION MANAGEMENT;3;3;0,250;257;3;2011
JOURNAL OF SYSTEMS SCIENCE & COMPLEXITY;3;5;0,250;31;8;2011
JOURNAL OF THE ELECTROCHEMICAL SOCIETY;3;4;0,136;77;4;2001
JOURNAL OF THE MECHANICS AND PHYSICS OF SOLIDS;3;3;0,143;21;3;2002
KINETIC AND RELATED MODELS;3;4;0,333;69;4;2014
KNOWLEDGE-BASED SYSTEMS;3;5;0,107;30;5;1995
LEADERSHIP QUARTERLY;3;3;0,231;166;3;2010
MACROECONOMIC DYNAMICS;3;5;0,130;69;5;2000
MATERIALS SCIENCE AND ENGINEERING A-STRUCTURAL MATERIALS PROPERTIES MICROSTRUCTURE AND PROCESSING;3;3;0,176;245;3;2006
MATHEMATICAL BIOSCIENCES;3;3;0,429;34;3;2016
MATHEMATICS AND COMPUTERS IN SIMULATION;3;3;0,750;30;3;2019
MEDICINAL CHEMISTRY RESEARCH;3;3;0,300;27;3;2013
MULTIMEDIA TOOLS AND APPLICATIONS;3;3;0,250;17;3;2011
NATURE;3;3;0,120;784;3;1998
NEURAL NETWORKS;3;4;0,200;181;4;2008
NEUROSCIENCE;3;3;0,150;152;3;2003
NEW JOURNAL OF PHYSICS;3;5;0,231;45;5;2010
PEDIATRIC ANESTHESIA;3;3;0,231;48;3;2010
PEERJ;3;4;0,300;27;4;2013
PHILOSOPHICAL TRANSACTIONS OF THE ROYAL SOCIETY B-BIOLOGICAL SCIENCES;3;5;0,167;108;5;2005
PHYSICAL CHEMISTRY CHEMICAL PHYSICS;3;3;0,429;21;3;2016
PHYSICS IN MEDICINE AND BIOLOGY;3;4;0,250;94;4;2011
PHYSIOLOGY & BEHAVIOR;3;3;0,100;76;3;1993
POLYMER DEGRADATION AND STABILITY;3;3;0,150;72;3;2003
POLYMER INTERNATIONAL;3;3;0,115;37;3;1997
POLYMERS;3;4;0,750;30;4;2019
POPULATION STUDIES-A JOURNAL OF DEMOGRAPHY;3;3;0,300;54;3;2013
QUANTITATIVE FINANCE;3;3;0,150;241;3;2003
SCIENTOMETRICS;3;3;0,250;19;3;2011
SENSORS AND ACTUATORS B-CHEMICAL;3;4;0,176;49;4;2006
SOCIAL SCIENCE COMPUTER REVIEW;3;5;0,136;34;5;2001
SOFT MATTER;3;3;0,429;30;3;2016
SYNTHESE;3;4;0,333;24;4;2014
SYSTEMS RESEARCH AND BEHAVIORAL SCIENCE;3;3;0,300;18;3;2013
TALANTA;3;3;0,214;61;3;2009
TOPICS IN COGNITIVE SCIENCE;3;3;0,333;38;3;2014
TRANSACTIONS IN GIS;3;3;0,250;58;3;2011
TRANSACTIONS OF THE INSTITUTE OF MEASUREMENT AND CONTROL;3;5;0,500;35;5;2017
TRANSPORTATION LETTERS-THE INTERNATIONAL JOURNAL OF TRANSPORTATION RESEARCH;3;4;0,273;37;4;2012
TRANSPORTATION RESEARCH RECORD;3;3;0,214;142;3;2009
TRANSPORTMETRICA B-TRANSPORT DYNAMICS;3;3;0,500;20;3;2017
TUNNELLING AND UNDERGROUND SPACE TECHNOLOGY;3;3;0,429;28;3;2016
WATER RESOURCES MANAGEMENT;3;3;0,500;20;3;2017
WATER RESOURCES RESEARCH;3;3;0,250;87;3;2011
ACCIDENT ANALYSIS AND PREVENTION;2;3;0,065;54;3;1992
ACS APPLIED MATERIALS & INTERFACES;2;2;0,200;544;2;2013
ACS NANO;2;2;0,333;37;2;2017
ACTA ANAESTHESIOLOGICA SCANDINAVICA;2;2;0,125;60;2;2007
ADVANCED ENGINEERING INFORMATICS;2;2;0,182;16;2;2012
ADVANCED ROBOTICS;2;3;0,125;16;3;2007
AEROSPACE SCIENCE AND TECHNOLOGY;2;3;0,286;61;3;2016
AMERICAN HEART JOURNAL;2;2;0,063;29;2;1991
AMERICAN JOURNAL OF COMMUNITY PSYCHOLOGY;2;2;0,143;105;2;2009
AMERICAN JOURNAL OF DENTISTRY;2;3;0,111;44;3;2005
AMERICAN JOURNAL OF KIDNEY DISEASES;2;2;0,077;255;2;1997
AMERICAN JOURNAL OF PREVENTIVE MEDICINE;2;2;0,154;86;2;2010
AMERICAN JOURNAL OF PUBLIC HEALTH;2;2;0,200;105;2;2013
ANALYTICA CHIMICA ACTA;2;3;0,105;114;3;2004
ANALYTICAL CHEMISTRY;2;2;0,080;68;2;1998
ANESTHESIOLOGY;2;2;0,167;113;2;2011
ANNALS OF MATHEMATICS AND ARTIFICIAL INTELLIGENCE;2;2;0,118;39;2;2006
ANNALS OF OPERATIONS RESEARCH;2;2;0,077;38;2;1997
ANTIMICROBIAL AGENTS AND CHEMOTHERAPY;2;2;0,111;131;2;2005
APPLIED ANIMAL BEHAVIOUR SCIENCE;2;2;0,250;19;2;2015
APPLIED ECONOMICS;2;3;0,167;18;3;2011
APPLIED MATHEMATICAL MODELLING;2;2;0,400;15;2;2018
APPLIED OPTICS;2;3;0,125;15;3;2007
ARTIFICIAL INTELLIGENCE IN MEDICINE;2;2;0,182;40;2;2012
ARTIFICIAL INTELLIGENCE REVIEW;2;2;0,074;9;2;1996
AUTONOMOUS ROBOTS;2;2;0,077;90;2;1997
AVIAN DISEASES;2;2;0,095;70;2;2002
AVIAN PATHOLOGY;2;2;0,091;22;2;2001
AVIATION SPACE AND ENVIRONMENTAL MEDICINE;2;2;0,087;74;2;2000
BIOINFORMATICS;2;2;0,111;91;2;2005
BIOLOGY OF BLOOD AND MARROW TRANSPLANTATION;2;2;0,143;41;2;2009
BIOMASS & BIOENERGY;2;2;0,250;20;2;2015
BIOMATERIALS;2;2;0,087;100;2;2000
BIOORGANIC & MEDICINAL CHEMISTRY;2;2;0,200;52;2;2013
BMC BIOINFORMATICS;2;2;0,133;25;2;2008
BMC BIOLOGY;2;2;0,333;32;2;2017
BMC CANCER;2;2;0,133;51;2;2008
BMC MEDICAL RESEARCH METHODOLOGY;2;2;0,222;5;2;2014
BMC PUBLIC HEALTH;2;2;0,222;37;2;2014
BRAZILIAN JOURNAL OF PHYSICS;2;2;0,100;10;2;2003
BRIEFINGS IN BIOINFORMATICS;2;2;0,125;144;2;2007
BRITISH JOURNAL OF PHARMACOLOGY;2;2;0,065;50;2;1992
CANADIAN JOURNAL OF AGRICULTURAL ECONOMICS-REVUE CANADIENNE D AGROECONOMIE;2;2;0,143;50;2;2009
CANCER;2;2;0,087;64;2;2000
CANCER RESEARCH;2;2;0,065;353;2;1992
CERAMICS INTERNATIONAL;2;2;0,250;70;2;2015
CHEMICAL ENGINEERING RESEARCH & DESIGN;2;2;0,286;19;2;2016
CHEST;2;2;0,074;98;2;1996
CHINESE JOURNAL OF CHEMICAL ENGINEERING;2;2;0,286;12;2;2016
CHINESE JOURNAL OF MECHANICAL ENGINEERING;2;2;0,133;10;2;2008
CIRCULATION;2;2;0,091;40;2;2001
CLINICAL CANCER RESEARCH;2;2;0,143;27;2;2009
CLINICAL TRIALS;2;3;0,333;11;3;2017
CMES-COMPUTER MODELING IN ENGINEERING & SCIENCES;2;2;0,118;19;2;2006
COGNITIVE COMPUTATION;2;2;0,222;11;2;2014
COMBUSTION AND FLAME;2;2;0,105;149;2;2004
COMPOSITE STRUCTURES;2;2;0,200;27;2;2013
COMPUTATIONAL STATISTICS & DATA ANALYSIS;2;2;0,125;20;2;2007
COMPUTER ANIMATION AND VIRTUAL WORLDS;2;3;0,182;13;5;2012
COMPUTER COMMUNICATIONS;2;3;0,333;91;3;2017
COMPUTER JOURNAL;2;2;0,105;8;2;2004
COMPUTERS & CHEMICAL ENGINEERING;2;3;0,333;21;3;2017
COMPUTERS & EDUCATION;2;2;0,125;26;2;2007
COMPUTERS & GRAPHICS-UK;2;2;0,091;45;2;2001
COMPUTERS & INDUSTRIAL ENGINEERING;2;3;0,333;31;3;2017
COMPUTERS IN BIOLOGY AND MEDICINE;2;2;0,222;69;2;2014
COMPUTERS IN HUMAN BEHAVIOR;2;2;0,250;40;2;2015
CONSCIOUSNESS AND COGNITION;2;2;0,133;246;2;2008
DENTAL MATERIALS;2;2;0,154;87;2;2010
DRUG AND CHEMICAL TOXICOLOGY;2;2;0,077;23;2;1997
E & M EKONOMIE A MANAGEMENT;2;2;0,143;20;2;2009
ECOLOGICAL APPLICATIONS;2;2;0,222;71;2;2014
ECOLOGICAL COMPLEXITY;2;2;0,286;19;2;2016
ECOLOGY;2;2;0,065;176;2;1992
ECOLOGY AND EVOLUTION;2;2;0,333;14;2;2017
ECONOMETRICA;2;2;0,095;737;2;2002
ECONOMIC COMPUTATION AND ECONOMIC CYBERNETICS STUDIES AND RESEARCH;2;3;0,143;10;3;2009
ECONOMIC MODELLING;2;4;0,286;17;4;2016
EDUCATIONAL TECHNOLOGY & SOCIETY;2;2;0,133;32;2;2008
ELECTRIC POWER SYSTEMS RESEARCH;2;2;0,222;27;2;2014
ENERGY POLICY;2;3;0,143;38;3;2009
ENGINEERING CONSTRUCTION AND ARCHITECTURAL MANAGEMENT;2;2;0,286;16;2;2016
ENGINEERING STRUCTURES;2;2;0,125;32;2;2007
ENVIRONMENT AND PLANNING B-URBAN ANALYTICS AND CITY SCIENCE;2;2;0,500;10;2;2019
ENVIRONMENTAL ENTOMOLOGY;2;2;0,069;21;2;1994
ERGONOMICS;2;4;0,222;29;4;2014
EUROPEAN JOURNAL OF ANAESTHESIOLOGY;2;2;0,143;20;2;2009
EUROPEAN JOURNAL OF APPLIED MATHEMATICS;2;2;0,333;14;2;2017
EUROPEAN JOURNAL OF MEDICINAL CHEMISTRY;2;2;0,182;14;2;2012
EUROPEAN JOURNAL OF POPULATION-REVUE EUROPEENNE DE DEMOGRAPHIE;2;2;0,154;79;2;2010
EUROPHYSICS LETTERS;2;2;0,118;58;2;2006
EVOLUTIONARY ECOLOGY;2;2;0,182;119;2;2012
EVOLUTIONARY ECOLOGY RESEARCH;2;2;0,100;37;2;2003
EXPERIMENTAL ECONOMICS;2;2;0,143;180;2;2009
FIRE AND MATERIALS;2;3;0,286;44;3;2016
FIRE TECHNOLOGY;2;3;0,200;44;3;2013
FLUID PHASE EQUILIBRIA;2;2;0,250;42;2;2015
FRONTIERS IN COMPUTATIONAL NEUROSCIENCE;2;2;0,667;4;2;2020
FRONTIERS IN ECOLOGY AND EVOLUTION;2;2;0,333;14;2;2017
FRONTIERS IN MARINE SCIENCE;2;2;0,250;15;2;2015
FRONTIERS IN VETERINARY SCIENCE;2;2;0,286;18;2;2016
FUEL;2;2;0,500;38;2;2019
FUEL PROCESSING TECHNOLOGY;2;2;0,200;24;2;2013
FUNCTIONAL ECOLOGY;2;2;0,286;28;2;2016
GEOINFORMATICA;2;2;0,500;11;2;2019
GEOSPATIAL HEALTH;2;2;0,286;20;2;2016
GROUP DECISION AND NEGOTIATION;2;2;0,091;24;2;2001
HEALTH EDUCATION & BEHAVIOR;2;2;0,200;84;2;2013
HEALTH TECHNOLOGY ASSESSMENT;2;3;0,125;51;3;2007
HEAT AND MASS TRANSFER;2;2;0,333;8;2;2017
HUMAN & EXPERIMENTAL TOXICOLOGY;2;2;0,125;68;2;2007
HUMAN FACTORS;2;3;0,125;112;3;2007
HUMAN-COMPUTER INTERACTION;2;2;0,154;36;2;2010
IEEE CONTROL SYSTEMS LETTERS;2;2;0,667;5;3;2020
IEEE TRANSACTIONS ON AEROSPACE AND ELECTRONIC SYSTEMS;2;2;0,400;16;2;2018
IEEE TRANSACTIONS ON COMPUTATIONAL INTELLIGENCE AND AI IN GAMES;2;2;0,143;20;2;2009
IEEE TRANSACTIONS ON EDUCATION;2;2;0,182;15;2;2012
IEEE TRANSACTIONS ON FUZZY SYSTEMS;2;2;0,286;51;2;2016
IEEE TRANSACTIONS ON POWER ELECTRONICS;2;2;0,167;122;2;2011
IEEE TRANSACTIONS ON SIGNAL AND INFORMATION PROCESSING OVER NETWORKS;2;4;0,286;30;4;2016
IEEE TRANSACTIONS ON SMART GRID;2;3;0,286;58;3;2016
IEEE TRANSACTIONS ON VISUALIZATION AND COMPUTER GRAPHICS;2;3;0,182;57;3;2012
IEEE-ASME TRANSACTIONS ON MECHATRONICS;2;2;0,154;34;2;2010
IEEE-CAA JOURNAL OF AUTOMATICA SINICA;2;2;0,667;12;2;2020
IET SMART GRID;2;2;0,500;8;2;2019
IIE TRANSACTIONS;2;2;0,069;56;2;1994
INDUSTRIAL MANAGEMENT & DATA SYSTEMS;2;2;0,400;11;2;2018
INFORMATION AND SOFTWARE TECHNOLOGY;2;3;0,125;48;3;2007
INFORMATION FUSION;2;3;0,154;21;3;2010
INFORMATION TECHNOLOGY & MANAGEMENT;2;2;0,167;23;2;2011
INTERACTION STUDIES;2;2;0,167;9;2;2011
INTERNATIONAL JOURNAL FOR PARASITOLOGY;2;2;0,100;94;2;2003
INTERNATIONAL JOURNAL OF APPROXIMATE REASONING;2;2;0,200;7;2;2013
INTERNATIONAL JOURNAL OF BIFURCATION AND CHAOS;2;3;0,154;16;3;2010
INTERNATIONAL JOURNAL OF BIO-INSPIRED COMPUTATION;2;2;0,167;39;2;2011
INTERNATIONAL JOURNAL OF DAMAGE MECHANICS;2;2;0,250;61;2;2015
INTERNATIONAL JOURNAL OF GENERAL SYSTEMS;2;2;0,182;25;2;2012
INTERNATIONAL JOURNAL OF GEOGRAPHICAL INFORMATION SCIENCE;2;2;0,143;86;2;2009
INTERNATIONAL JOURNAL OF HEALTH GEOGRAPHICS;2;2;0,143;141;2;2009
INTERNATIONAL JOURNAL OF HEAT AND MASS TRANSFER;2;2;0,250;24;2;2015
INTERNATIONAL JOURNAL OF IMPACT ENGINEERING;2;2;0,222;120;2;2014
INTERNATIONAL JOURNAL OF INFORMATION TECHNOLOGY & DECISION MAKING;2;3;0,182;14;3;2012
INTERNATIONAL JOURNAL OF INTELLIGENT SYSTEMS;2;3;0,154;25;3;2010
INTERNATIONAL JOURNAL OF MOLECULAR SCIENCES;2;2;0,333;16;2;2017
INTERNATIONAL JOURNAL OF PARALLEL PROGRAMMING;2;2;0,222;33;2;2014
INTERNATIONAL JOURNAL OF PRODUCTION ECONOMICS;2;2;0,222;52;2;2014
INTERNATIONAL JOURNAL OF RESEARCH IN MARKETING;2;2;0,167;251;2;2011
INTERNATIONAL JOURNAL OF SIMULATION MODELLING;2;2;0,333;7;2;2017
INTERNATIONAL JOURNAL ON ARTIFICIAL INTELLIGENCE TOOLS;2;2;0,222;8;2;2014
INTERNATIONAL POLYMER PROCESSING;2;2;0,222;4;2;2014
INTERNET RESEARCH;2;2;0,250;53;2;2015
JOURNAL OF AGRICULTURAL BIOLOGICAL AND ENVIRONMENTAL STATISTICS;2;2;0,091;10;2;2001
JOURNAL OF ANIMAL ECOLOGY;2;2;0,333;47;2;2017
JOURNAL OF BANKING & FINANCE;2;2;0,222;17;2;2014
JOURNAL OF BIOMECHANICAL ENGINEERING-TRANSACTIONS OF THE ASME;2;2;0,083;25;2;1999
JOURNAL OF BIOMECHANICS;2;2;0,286;23;2;2016
JOURNAL OF BIOMEDICAL INFORMATICS;2;2;0,250;16;2;2015
JOURNAL OF BIOMEDICAL OPTICS;2;2;0,118;105;2;2006
JOURNAL OF BUSINESS & ECONOMIC STATISTICS;2;2;0,065;92;2;1992
JOURNAL OF CARDIOVASCULAR PHARMACOLOGY;2;2;0,063;36;2;1991
JOURNAL OF CHEMICAL TECHNOLOGY AND BIOTECHNOLOGY;2;2;0,286;7;3;2016
JOURNAL OF CHROMATOGRAPHY A;2;2;0,080;114;2;1998
JOURNAL OF CLINICAL EPIDEMIOLOGY;2;2;0,083;75;2;1999
JOURNAL OF CLINICAL MONITORING AND COMPUTING;2;3;0,087;25;3;2000
JOURNAL OF COGNITIVE NEUROSCIENCE;2;2;0,125;24;2;2007
JOURNAL OF COLLOID AND INTERFACE SCIENCE;2;2;0,222;105;2;2014
JOURNAL OF COMMUNICATION;2;2;0,222;48;2;2014
JOURNAL OF COMPUTATIONAL SOCIAL SCIENCE;2;4;0,400;35;4;2018
JOURNAL OF COMPUTING IN CIVIL ENGINEERING;2;3;0,286;11;4;2016
JOURNAL OF CONFLICT RESOLUTION;2;2;0,091;137;2;2001
JOURNAL OF CONTAMINANT HYDROLOGY;2;2;0,077;100;2;1997
JOURNAL OF CRYSTAL GROWTH;2;2;0,133;64;2;2008
JOURNAL OF FIRE SCIENCES;2;2;0,286;30;2;2016
JOURNAL OF FOOD ENGINEERING;2;2;0,077;86;2;1997
JOURNAL OF HUMAN EVOLUTION;2;2;0,400;4;2;2018
JOURNAL OF INTELLIGENT & FUZZY SYSTEMS;2;2;0,286;4;2;2016
JOURNAL OF INTELLIGENT MANUFACTURING;2;3;0,143;31;3;2009
JOURNAL OF INVERTEBRATE PATHOLOGY;2;2;0,182;40;2;2012
JOURNAL OF MATERIALS IN CIVIL ENGINEERING;2;4;0,182;17;5;2012
JOURNAL OF MATERIALS SCIENCE;2;2;0,074;7;2;1996
JOURNAL OF MECHANICAL DESIGN;2;2;0,286;20;2;2016
JOURNAL OF MEDICAL IMAGING;2;2;0,333;9;2;2017
JOURNAL OF MEMBRANE SCIENCE;2;2;0,143;39;2;2009
JOURNAL OF MODERN POWER SYSTEMS AND CLEAN ENERGY;2;2;0,250;16;2;2015
JOURNAL OF MOLECULAR LIQUIDS;2;2;0,500;12;2;2019
JOURNAL OF NEUROPHYSIOLOGY;2;2;0,154;61;2;2010
JOURNAL OF OPERATIONS MANAGEMENT;2;2;0,400;92;2;2018
JOURNAL OF ORTHOPAEDIC RESEARCH;2;2;0,400;7;2;2018
JOURNAL OF PAIN;2;2;0,100;70;2;2003
JOURNAL OF PERSONALITY AND SOCIAL PSYCHOLOGY;2;2;0,182;93;2;2012
JOURNAL OF PHARMACOLOGY AND EXPERIMENTAL THERAPEUTICS;2;2;0,069;52;2;1994
JOURNAL OF PHYSICAL CHEMISTRY B;2;2;0,083;27;2;1999
JOURNAL OF PHYSICS A-MATHEMATICAL AND THEORETICAL;2;2;0,133;17;2;2008
JOURNAL OF PHYSIOLOGY-LONDON;2;2;0,083;168;2;1999
JOURNAL OF POLYMER SCIENCE PART B-POLYMER PHYSICS;2;2;0,083;12;2;1999
JOURNAL OF PROSTHETIC DENTISTRY;2;2;0,087;24;2;2000
JOURNAL OF PUBLIC ADMINISTRATION RESEARCH AND THEORY;2;3;0,167;107;3;2011
JOURNAL OF SUPERCRITICAL FLUIDS;2;2;0,200;32;2;2013
JOURNAL OF SURGICAL ONCOLOGY;2;2;0,095;23;2;2002
JOURNAL OF SURGICAL RESEARCH;2;2;0,077;38;2;1997
JOURNAL OF THE OPERATIONAL RESEARCH SOCIETY;2;3;0,250;14;3;2015
JOURNAL OF THERMAL ANALYSIS AND CALORIMETRY;2;3;0,222;27;3;2014
JOURNAL OF UNIVERSAL COMPUTER SCIENCE;2;2;0,118;59;2;2006
JOURNAL OF URBAN PLANNING AND DEVELOPMENT;2;2;0,167;18;2;2011
JOURNAL OF UROLOGY;2;2;0,074;54;2;1996
JOURNAL OF VETERINARY MEDICINE SERIES B-INFECTIOUS DISEASES AND VETERINARY PUBLIC HEALTH;2;2;0,063;36;2;1991
JOURNAL OF VINYL & ADDITIVE TECHNOLOGY;2;2;0,105;17;2;2004
KSCE JOURNAL OF CIVIL ENGINEERING;2;2;0,286;28;2;2016
KYBERNETES;2;2;0,069;7;3;1994
LANDSCAPE AND URBAN PLANNING;2;2;0,286;29;2;2016
LANGUAGE DYNAMICS AND CHANGE;2;2;0,400;5;2;2018
LIPIDS;2;2;0,077;32;2;1997
MACROMOLECULAR THEORY AND SIMULATIONS;2;3;0,100;22;3;2003
MARINE ECOLOGY PROGRESS SERIES;2;2;0,118;21;2;2006
MARKETING SCIENCE;2;2;0,074;546;2;1996
MATERIALS & DESIGN;2;2;0,182;58;2;2012
MATHEMATICAL AND COMPUTER MODELLING OF DYNAMICAL SYSTEMS;2;2;0,133;52;2;2008
MATHEMATICS;2;3;0,500;13;4;2019
MEDICAL HYPOTHESES;2;3;0,111;57;3;2005
MEDICAL PHYSICS;2;2;0,182;25;2;2012
METHODSX;2;2;0,333;5;2;2017
MICROCHEMICAL JOURNAL;2;2;0,125;20;2;2007
MICROCIRCULATION;2;2;0,333;22;2;2017
MILITARY MEDICINE;2;2;0,182;6;2;2012
NATURE COMMUNICATIONS;2;3;0,286;21;3;2016
NEURAL COMPUTING & APPLICATIONS;2;4;0,154;72;4;2010
NEUROSURGERY;2;2;0,069;53;2;1994
NEW GENERATION COMPUTING;2;2;0,200;7;2;2013
NONLINEAR ANALYSIS-REAL WORLD APPLICATIONS;2;2;0,167;44;2;2011
NUCLEAR MEDICINE AND BIOLOGY;2;2;0,143;54;2;2009
OECOLOGIA;2;3;0,154;34;3;2010
OPERATIONS RESEARCH;2;2;0,154;36;2;2010
OPTICAL ENGINEERING;2;2;0,222;11;2;2014
ORGANIZATION SCIENCE;2;2;0,200;13;2;2013
PAIN;2;2;0,286;13;2;2016
PHARMACEUTICAL STATISTICS;2;2;0,500;11;2;2019
PHARMACOLOGICAL RESEARCH;2;2;0,074;11;2;1996
PHARMACOLOGY BIOCHEMISTRY AND BEHAVIOR;2;2;0,065;21;2;1992
PHENOMENOLOGY AND THE COGNITIVE SCIENCES;2;3;0,143;334;3;2009
PHYSICA A;2;2;0,083;166;2;1999
PHYSICAL BIOLOGY;2;2;0,250;22;2;2015
PHYSICAL REVIEW LETTERS;2;2;0,111;67;2;2005
PHYSICS OF FLUIDS;2;2;0,200;44;2;2013
POLYMER CHEMISTRY;2;2;0,200;7;2;2013
POLYMER TESTING;2;2;0,333;6;2;2017
POWDER TECHNOLOGY;2;2;0,250;27;2;2015
PREVENTIVE VETERINARY MEDICINE;2;2;0,200;27;2;2013
PSYCHOLOGICAL SCIENCE;2;2;0,125;164;2;2007
PSYCHOLOGY OF VIOLENCE;2;2;0,400;20;2;2018
PSYCHOPHARMACOLOGY;2;2;0,100;225;2;2003
QUANTITATIVE ECONOMICS;2;2;0,167;9;2;2011
RADIOCHIMICA ACTA;2;2;0,154;7;2;2010
REGIONAL ENVIRONMENTAL CHANGE;2;2;0,250;15;2;2015
RELIGION BRAIN & BEHAVIOR;2;2;0,333;30;2;2017
RENEWABLE & SUSTAINABLE ENERGY REVIEWS;2;2;0,500;56;2;2019
RESEARCH EVALUATION;2;2;0,200;6;2;2013
REVIEW OF ECONOMIC STUDIES;2;2;0,080;305;2;1998
REVIEW OF ECONOMICS AND STATISTICS;2;2;0,091;172;2;2001
REVUE FRANCAISE DE SOCIOLOGIE;2;4;0,182;24;5;2012
ROBOTICS AND AUTONOMOUS SYSTEMS;2;4;0,080;46;4;1998
RSC ADVANCES;2;2;0,200;46;2;2013
SCIENCE CHINA-TECHNOLOGICAL SCIENCES;2;3;0,154;16;3;2010
SCIENCE OF THE TOTAL ENVIRONMENT;2;2;0,500;11;2;2019
SIAM JOURNAL ON APPLIED DYNAMICAL SYSTEMS;2;2;0,182;20;2;2012
SOCIAL SCIENCE & MEDICINE;2;2;0,111;151;2;2005
SOCIOLOGICAL METHODS & RESEARCH;2;2;0,250;49;2;2015
SPECTROCHIMICA ACTA PART A-MOLECULAR AND BIOMOLECULAR SPECTROSCOPY;2;2;0,143;24;2;2009
THEORETICAL POPULATION BIOLOGY;2;2;0,143;15;2;2009
THERMOCHIMICA ACTA;2;2;0,080;33;2;1998
TRANSPLANTATION;2;3;0,083;59;3;1999
TRANSPORT POLICY;2;2;0,167;37;2;2011
TRANSPORTMETRICA;2;2;0,118;23;2;2006
TRIALS;2;3;0,250;22;3;2015
ULTRASONICS SONOCHEMISTRY;2;2;0,400;18;2;2018
VALUE IN HEALTH;2;2;0,250;14;2;2015
VIETNAM JOURNAL OF MATHEMATICS;2;2;0,333;21;2;2017
VOLUNTAS;2;2;0,250;39;2;2015
WATER;2;3;0,400;13;3;2018
AAPS JOURNAL;1;1;0,167;8;1;2017
ABSTRACT AND APPLIED ANALYSIS;1;1;0,091;3;1;2012
ACADEMIC RADIOLOGY;1;1;0,067;10;1;2008
ACCOUNTING AUDITING & ACCOUNTABILITY JOURNAL;1;1;0,125;24;1;2015
ACI MATERIALS JOURNAL;1;1;0,100;10;1;2013
ACM TRANSACTIONS ON COMPUTER-HUMAN INTERACTION;1;1;0,077;7;1;2010
ACM TRANSACTIONS ON CYBER-PHYSICAL SYSTEMS;1;1;0,333;2;1;2020
ACM TRANSACTIONS ON GRAPHICS;1;1;0,091;67;1;2012
ACM TRANSACTIONS ON INTERNET TECHNOLOGY;1;1;0,125;10;1;2015
ACM TRANSACTIONS ON SENSOR NETWORKS;1;1;0,200;6;1;2018
ACS COMBINATORIAL SCIENCE;1;1;0,083;7;1;2011
ACS OMEGA;1;1;0,500;2;1;2021
ACS SYNTHETIC BIOLOGY;1;1;0,167;17;1;2017
ACTA ASTRONOMICA;1;1;0,077;1;1;2010
ACTA BIOMATERIALIA;1;1;0,250;3;1;2019
ACTA BIOTHEORETICA;1;1;0,045;14;1;2001
ACTA CHIMICA SINICA;1;1;0,077;1;1;2010
ACTA MATHEMATICA SCIENTIA;1;1;0,111;16;1;2014
ACTA OCEANOLOGICA SINICA;1;1;0,111;5;1;2014
ACTA ODONTOLOGICA SCANDINAVICA;1;1;0,100;10;1;2013
ACTA OTO-LARYNGOLOGICA;1;1;0,040;5;1;1998
ACTA PARASITOLOGICA;1;1;0,045;1;1;2001
ACTA PHARMACOLOGICA SINICA;1;1;0,067;5;1;2008
ACTA POLITICA;1;1;0,100;9;1;2013
ACTA POLYMERICA SINICA;1;1;0,100;2;1;2013
ACTA PSYCHOLOGICA;1;1;0,250;11;1;2019
ACTA SCIENTIAE VETERINARIAE;1;1;0,100;1;1;2013
ACTA VETERINARIA BRNO;1;1;0,045;3;1;2001
ACTIVITES-REVUE ELECTRONIQUE;1;1;0,200;5;1;2018
ADAPTIVE HUMAN BEHAVIOR AND PHYSIOLOGY;1;1;0,167;14;1;2017
ADCAIJ-ADVANCES IN DISTRIBUTED COMPUTING AND ARTIFICIAL INTELLIGENCE JOURNAL;1;1;0,200;2;1;2018
ADDICTIVE BEHAVIORS;1;1;0,056;48;1;2005
ADMINISTRATIVE SCIENCE QUARTERLY;1;1;0,143;38;1;2016
ADVANCED SCIENCE;1;1;0,167;24;1;2017
ADVANCED THEORY AND SIMULATIONS;1;1;0,500;9;1;2021
ADVANCES IN CONCRETE CONSTRUCTION;1;1;0,250;9;1;2019
ADVANCES IN ENVIRONMENTAL RESEARCH;1;1;0,045;8;1;2001
ADVANCES IN MECHANICAL ENGINEERING;1;1;0,077;10;1;2010
ADVANCES IN SPACE RESEARCH;1;1;0,167;4;1;2017
AERONAUTICAL JOURNAL;1;1;0,250;1;1;2019
AGGRESSION AND VIOLENT BEHAVIOR;1;1;0,083;22;1;2011
AGRICULTURAL AND FOREST METEOROLOGY;1;1;0,100;29;1;2013
AGRICULTURAL ECONOMICS;1;1;0,125;5;1;2015
AI EDAM-ARTIFICIAL INTELLIGENCE FOR ENGINEERING DESIGN ANALYSIS AND MANUFACTURING;1;1;0,040;8;1;1998
AIMS MATHEMATICS;1;1;0,333;5;1;2020
AIRCRAFT ENGINEERING AND AEROSPACE TECHNOLOGY;1;1;0,143;7;1;2016
ALCOHOL AND ALCOHOLISM;1;1;0,043;49;1;2000
ALCOHOLISM-CLINICAL AND EXPERIMENTAL RESEARCH;1;1;0,125;50;1;2015
ALZHEIMERS & DEMENTIA;1;1;0,111;25;1;2014
AMERICAN ANTIQUITY;1;1;0,167;17;1;2017
AMERICAN BEHAVIORAL SCIENTIST;1;1;0,042;39;1;1999
AMERICAN ECONOMIC REVIEW;1;1;0,071;8;1;2009
AMERICAN JOURNAL OF AGRICULTURAL ECONOMICS;1;1;0,200;4;1;2018
AMERICAN JOURNAL OF BOTANY;1;1;0,125;6;1;2015
AMERICAN JOURNAL OF CANCER RESEARCH;1;1;0,143;18;1;2016
AMERICAN JOURNAL OF OBSTETRICS AND GYNECOLOGY;1;1;0,032;57;1;1992
AMERICAN JOURNAL OF OPHTHALMOLOGY;1;1;0,250;9;1;2019
AMERICAN JOURNAL OF PHYSICS;1;1;0,100;23;1;2013
AMERICAN JOURNAL OF PHYSIOLOGY-LUNG CELLULAR AND MOLECULAR PHYSIOLOGY;1;1;0,125;11;1;2015
AMERICAN JOURNAL OF PHYSIOLOGY-REGULATORY INTEGRATIVE AND COMPARATIVE PHYSIOLOGY;1;1;0,034;37;1;1994
AMERICAN JOURNAL OF PRIMATOLOGY;1;1;0,143;30;1;2016
AMERICAN JOURNAL OF SPORTS MEDICINE;1;1;0,143;20;1;2016
AMERICAN JOURNAL OF SURGERY;1;1;0,037;52;1;1996
AMERICAN JOURNAL OF TRANSPLANTATION;1;1;0,059;98;1;2006
AMERICAN JOURNAL OF TROPICAL MEDICINE AND HYGIENE;1;1;0,143;64;1;2016
AMERICAN PSYCHOLOGIST;1;1;0,200;50;1;2018
AMERICAN SURGEON;1;1;0,063;9;1;2007
ANAESTHESIST;1;1;0,033;8;1;1993
ANALYSIS AND APPLICATIONS;1;1;0,143;24;1;2016
ANALYTICAL BIOCHEMISTRY;1;1;0,042;50;1;1999
ANALYTICAL LETTERS;1;1;0,032;12;1;1992
ANALYTICAL METHODS;1;1;0,167;20;1;2017
ANALYTICAL SCIENCES;1;1;0,045;15;1;2001
ANATOMICAL RECORD-ADVANCES IN INTEGRATIVE ANATOMY AND EVOLUTIONARY BIOLOGY;1;1;0,125;12;1;2015
ANESTHESIA AND ANALGESIA;1;1;0,143;3;1;2016
ANNALS OF AFRICAN MEDICINE;1;1;0,250;6;1;2019
ANNALS OF AGRICULTURAL AND ENVIRONMENTAL MEDICINE;1;1;0,071;12;1;2009
ANNALS OF CLINICAL MICROBIOLOGY AND ANTIMICROBIALS;1;1;0,167;3;1;2017
ANNALS OF EMERGENCY MEDICINE;1;1;0,031;17;1;1991
ANNALS OF EPIDEMIOLOGY;1;1;0,111;26;1;2014
ANNALS OF FAMILY MEDICINE;1;1;0,125;17;1;2015
ANNALS OF OCCUPATIONAL HYGIENE;1;1;0,038;37;1;1997
ANNALS OF ONCOLOGY;1;1;0,031;6;1;1991
ANNALS OF PHYSICS;1;1;0,167;1;1;2017
ANTI-CANCER AGENTS IN MEDICINAL CHEMISTRY;1;1;0,333;18;1;2020
ANTIBIOTICS-BASEL;1;1;0,500;1;1;2021
APPLIED AND ENVIRONMENTAL MICROBIOLOGY;1;1;0,038;104;1;1997
APPLIED CATALYSIS B-ENVIRONMENTAL;1;1;0,250;46;1;2019
APPLIED COMPOSITE MATERIALS;1;1;0,143;4;1;2016
APPLIED ECOLOGY AND ENVIRONMENTAL RESEARCH;1;1;0,167;2;1;2017
APPLIED ERGONOMICS;1;1;0,250;1;1;2019
APPLIED NUMERICAL MATHEMATICS;1;1;0,125;3;1;2015
APPLIED PHYSICS LETTERS;1;1;0,071;24;1;2009
APPLIED SPATIAL ANALYSIS AND POLICY;1;2;0,100;10;2;2013
APPLIED THERMAL ENGINEERING;1;1;0,063;22;1;2007
AQUACULTURE REPORTS;1;1;0,333;13;1;2020
AQUATIC TOXICOLOGY;1;1;0,083;20;1;2011
ARABIAN JOURNAL OF GEOSCIENCES;1;1;0,250;1;1;2019
ARBOR-CIENCIA PENSAMIENTO Y CULTURA;1;1;0,077;18;1;2010
ARCHAEOLOGICAL AND ANTHROPOLOGICAL SCIENCES;1;1;0,250;8;1;2019
ARCHAEOLOGY IN OCEANIA;1;1;0,067;31;1;2008
ARCHITECTURAL ENGINEERING AND DESIGN MANAGEMENT;1;1;0,500;2;1;2021
ARCHIVES OF MEDICAL SCIENCE;1;1;0,063;2;1;2007
ARCHIVES OF OTOLARYNGOLOGY-HEAD & NECK SURGERY;1;1;0,036;10;1;1995
ARCHIVES OF TOXICOLOGY;1;1;0,067;8;1;2008
ARCHIVOS DE CARDIOLOGIA DE MEXICO;1;1;0,333;1;1;2020
ARQUIVOS BRASILEIROS DE CARDIOLOGIA;1;1;0,500;1;1;2021
ARTERIOSCLEROSIS THROMBOSIS AND VASCULAR BIOLOGY;1;1;0,037;28;1;1996
ARTIFICIAL LIFE AND ROBOTICS;1;1;0,250;5;1;2019
ASIA PACIFIC JOURNAL OF MARKETING AND LOGISTICS;1;1;0,167;5;1;2017
ASIA-PACIFIC JOURNAL OF ATMOSPHERIC SCIENCES;1;1;0,125;8;1;2015
ASSEMBLY AUTOMATION;1;1;0,333;1;1;2020
ASTRONOMY & ASTROPHYSICS;1;1;0,083;27;1;2011
ASTROPHYSICAL JOURNAL LETTERS;1;1;0,125;4;1;2015
ATHEROSCLEROSIS;1;1;0,200;13;1;2018
ATMOSPHERE;1;1;0,250;4;1;2019
ATOMIZATION AND SPRAYS;1;1;0,111;5;1;2014
AUSTRALIAN ENDODONTIC JOURNAL;1;1;0,200;1;1;2018
AUSTRALIAN JOURNAL OF ADULT LEARNING;1;1;0,200;3;1;2018
AUSTRALIAN PSYCHOLOGIST;1;1;0,050;47;1;2003
AUTOMATION AND REMOTE CONTROL;1;1;0,333;3;1;2020
AVANT;1;1;0,250;1;1;2019
BALTIC JOURNAL OF ECONOMICS;1;1;0,083;2;1;2011
BASIC AND CLINICAL NEUROSCIENCE;1;1;0,167;3;1;2017
BASIC RESEARCH IN CARDIOLOGY;1;1;0,063;29;1;2007
BEHAVIOR RESEARCH METHODS;1;1;0,067;17603;1;2008
BEHAVIORAL AND BRAIN SCIENCES;1;1;0,143;283;1;2016
BIOCHEMISTRY;1;1;0,053;20;1;2004
BIOCHIMICA ET BIOPHYSICA ACTA;1;1;0,031;173;1;1991
BIOCONTROL;1;1;0,083;5;1;2011
BIOELECTROMAGNETICS;1;1;0,043;38;1;2000
BIOESSAYS;1;1;0,200;13;1;2018
BIOETHICS;1;1;0,200;18;1;2018
BIOGEOCHEMISTRY;1;1;0,063;11;1;2007
BIOINSPIRATION & BIOMIMETICS;1;1;0,500;3;1;2021
BIOLOGICAL REVIEWS;1;1;0,500;2;1;2021
BIOMACROMOLECULES;1;1;0,111;13;1;2014
BIOMED RESEARCH INTERNATIONAL;1;1;0,125;28;1;2015
BIOMEDICAL ENGINEERING ONLINE;1;1;0,167;7;1;2017
BIOMEDICAL OPTICS EXPRESS;1;1;0,200;40;1;2018
BIOMEDICAL RESEARCH-INDIA;1;1;0,167;1;1;2017
BIOMETRICS;1;1;0,077;5;1;2010
BIOMIMETICS;1;1;0,500;3;1;2021
BIOORGANIC & MEDICINAL CHEMISTRY LETTERS;1;1;0,100;12;1;2013
BIOPHARMACEUTICS & DRUG DISPOSITION;1;1;0,043;2;2;2000
BIOPHYSICAL JOURNAL;1;1;0,333;3;1;2020
BIOTECHNIQUES;1;1;0,053;3;1;2004
BIOTECHNOLOGY AND BIOENGINEERING;1;1;0,037;48;1;1996
BIRTH DEFECTS RESEARCH PART B-DEVELOPMENTAL AND REPRODUCTIVE TOXICOLOGY;1;1;0,077;39;1;2010
BJOG-AN INTERNATIONAL JOURNAL OF OBSTETRICS AND GYNAECOLOGY;1;1;0,167;7;1;2017
BJU INTERNATIONAL;1;1;0,071;49;1;2009
BMC ANESTHESIOLOGY;1;1;0,167;1;1;2017
BMC EVOLUTIONARY BIOLOGY;1;1;0,143;9;1;2016
BMC GENOMICS;1;1;0,111;20;1;2014
BMC NEPHROLOGY;1;1;0,333;2;1;2020
BMC VETERINARY RESEARCH;1;1;0,111;10;1;2014
BMJ OPEN;1;1;0,091;6;1;2012
BMJ QUALITY & SAFETY;1;1;0,143;12;1;2016
BOUNDARY-LAYER METEOROLOGY;1;1;0,038;29;1;1997
BRAIN AND COGNITION;1;1;0,083;24;1;2011
BRAIN AND LANGUAGE;1;1;0,043;59;1;2000
BRAIN RESEARCH BULLETIN;1;1;0,038;11;1;1997
BRAZILIAN JOURNAL OF CHEMICAL ENGINEERING;1;1;0,250;3;1;2019
BREAST CANCER RESEARCH AND TREATMENT;1;1;0,091;64;1;2012
BRITISH JOURNAL OF CANCER;1;1;0,040;45;1;1998
BRITISH JOURNAL OF DERMATOLOGY;1;1;0,038;59;1;1997
BRITISH JOURNAL OF EDUCATIONAL TECHNOLOGY;1;1;0,500;2;1;2021
BRITISH JOURNAL OF HAEMATOLOGY;1;1;0,050;10;1;2003
BRITISH JOURNAL OF POLITICAL SCIENCE;1;1;0,048;5;1;2002
BRITISH POLITICS;1;1;0,067;13;1;2008
BRITISH POULTRY SCIENCE;1;1;0,125;10;1;2015
BUILDING SIMULATION;1;1;0,250;2;1;2019
BUILDINGS;1;1;0,333;6;1;2020
BULLETIN DE LA SOCIETE PREHISTORIQUE FRANCAISE;1;1;0,200;2;1;2018
BULLETIN OF EARTHQUAKE ENGINEERING;1;1;0,143;14;1;2016
BULLETIN OF THE VETERINARY INSTITUTE IN PULAWY;1;1;0,056;3;1;2005
BULLETIN OF THE WORLD HEALTH ORGANIZATION;1;1;0,071;26;1;2009
BULLETIN OF VOLCANOLOGY;1;1;0,071;52;1;2009
BURNS;1;1;0,036;1;1;1995
BUSINESS & INFORMATION SYSTEMS ENGINEERING;1;1;0,333;12;1;2020
BUSINESS STRATEGY AND THE ENVIRONMENT;1;1;0,167;23;1;2017
CAHIERS AGRICULTURES;1;1;0,067;6;1;2008
CANADIAN JOURNAL OF CHEMICAL ENGINEERING;1;1;0,100;2;1;2013
CANADIAN JOURNAL OF CHEMISTRY;1;1;0,143;20;1;2016
CANADIAN JOURNAL OF FISHERIES AND AQUATIC SCIENCES;1;1;0,034;15;1;1994
CANADIAN JOURNAL OF GASTROENTEROLOGY AND HEPATOLOGY;1;1;0,077;5;1;2010
CANCER BIOLOGY & THERAPY;1;1;0,125;9;1;2015
CANCER CHEMOTHERAPY AND PHARMACOLOGY;1;1;0,053;43;1;2004
CANCER INFORMATICS;1;1;0,250;4;1;2019
CANCER LETTERS;1;1;0,053;41;1;2004
CARBOHYDRATE POLYMERS;1;1;0,143;34;1;2016
CARCINOGENESIS;1;1;0,036;40;1;1995
CARDIOVASCULAR ENGINEERING;1;1;0,067;17;1;2008
CASE STUDIES ON TRANSPORT POLICY;1;1;0,333;3;1;2020
CELLULAR PHYSIOLOGY AND BIOCHEMISTRY;1;1;0,200;9;1;2018
CEMENT AND CONCRETE RESEARCH;1;1;0,111;30;1;2014
CENTRAL EUROPEAN JOURNAL OF OPERATIONS RESEARCH;1;1;0,125;16;1;2015
CERAMICS-SILIKATY;1;1;0,091;12;1;2012
CEREBROVASCULAR DISEASES;1;1;0,045;42;1;2001
CHEMICAL ENGINEERING & TECHNOLOGY;1;1;0,333;2;1;2020
CHEMICAL ENGINEERING COMMUNICATIONS;1;1;0,200;8;1;2018
CHEMICAL ENGINEERING JOURNAL;1;1;0,100;63;1;2013
CHEMICAL ENGINEERING JOURNAL AND THE BIOCHEMICAL ENGINEERING JOURNAL;1;1;0,036;10;1;1995
CHEMICAL PHYSICS LETTERS;1;1;0,250;1;1;2019
CHEMICAL RESEARCH IN TOXICOLOGY;1;1;0,053;17;1;2004
CHEMICO-BIOLOGICAL INTERACTIONS;1;1;0,100;10;1;2013
CHEMISTRY OF MATERIALS;1;1;0,077;35;1;2010
CHEMISTRY-A EUROPEAN JOURNAL;1;1;0,200;4;1;2018
CHINESE PHYSICS LETTERS;1;1;0,056;54;1;2005
CHINESE SCIENCE BULLETIN;1;1;0,053;1;1;2004
CHIRALITY;1;1;0,143;11;1;2016
CIRCULATION RESEARCH;1;1;0,036;326;1;1995
CITIES;1;1;0,250;5;1;2019
CIVIL ENGINEERING AND ENVIRONMENTAL SYSTEMS;1;1;0,091;2;1;2012
CLIMATIC CHANGE;1;1;0,333;17;1;2020
CLINICAL AND EXPERIMENTAL OBSTETRICS & GYNECOLOGY;1;1;0,111;3;1;2014
CLINICAL AND EXPERIMENTAL PHARMACOLOGY AND PHYSIOLOGY;1;1;0,250;4;1;2019
CLINICAL AND TRANSLATIONAL RADIATION ONCOLOGY;1;1;0,250;1;1;2019
CLINICAL BIOCHEMISTRY;1;1;0,111;12;1;2014
CLINICAL CARDIOLOGY;1;1;0,045;70;1;2001
CLINICAL CHEMISTRY AND LABORATORY MEDICINE;1;1;0,100;26;1;2013
CLINICAL DRUG INVESTIGATION;1;1;0,063;17;1;2007
CLINICAL PHARMACOLOGY & THERAPEUTICS;1;1;0,083;58;1;2011
CLUSTER COMPUTING-THE JOURNAL OF NETWORKS SOFTWARE TOOLS AND APPLICATIONS;1;1;0,125;8;1;2015
COGNITIVE NEUROSCIENCE;1;1;0,125;274;1;2015
COGNITIVE SCIENCE;1;1;0,333;4;1;2020
COLLOIDS AND SURFACES B-BIOINTERFACES;1;1;0,048;14;1;2002
COMMUNICATIONS IN APPLIED AND INDUSTRIAL MATHEMATICS;1;1;0,200;7;1;2018
COMMUNICATIONS IN MATHEMATICAL SCIENCES;1;1;0,125;49;1;2015
COMMUNICATIONS IN STATISTICS-THEORY AND METHODS;1;1;0,083;1;1;2011
COMMUNICATIONS IN THEORETICAL PHYSICS;1;1;0,091;17;1;2012
COMMUNICATIONS OF THE ACM;1;1;0,091;20;1;2012
COMMUNICATIONS ON APPLIED MATHEMATICS AND COMPUTATION;1;1;0,250;3;1;2019
COMPLEX & INTELLIGENT SYSTEMS;1;1;0,200;6;1;2018
COMPOSITES SCIENCE AND TECHNOLOGY;1;1;0,042;86;1;1999
COMPOST SCIENCE & UTILIZATION;1;1;0,045;32;1;2001
COMPTES RENDUS CHIMIE;1;1;0,091;15;1;2012
COMPTES RENDUS DE L ACADEMIE DES SCIENCES SERIE II FASCICULE A-SCIENCES DE LA TERRE ET DES PLANETES;1;1;0,040;12;1;1998
COMPUTATION;1;1;0,333;1;1;2020
COMPUTATIONAL AND MATHEMATICAL METHODS IN MEDICINE;1;1;0,125;4;1;2015
COMPUTATIONAL MATERIALS SCIENCE;1;1;0,143;12;1;2016
COMPUTER METHODS AND PROGRAMS IN BIOMEDICINE;1;1;0,500;3;1;2021
COMPUTER METHODS IN APPLIED MECHANICS AND ENGINEERING;1;1;0,200;8;1;2018
COMPUTER NETWORKS;1;1;0,200;16;1;2018
COMPUTER PHYSICS COMMUNICATIONS;1;1;0,091;15;1;2012
COMPUTER SPEECH AND LANGUAGE;1;1;0,077;26;1;2010
COMPUTER STANDARDS & INTERFACES;1;1;0,071;6;1;2009
COMPUTER VISION AND IMAGE UNDERSTANDING;1;1;0,056;24;1;2005
COMPUTERS AND ELECTRONICS IN AGRICULTURE;1;1;0,200;16;1;2018
COMPUTING;1;1;0,083;13;1;2011
COMPUTING AND INFORMATICS;1;2;0,071;8;2;2009
COMPUTING IN SCIENCE & ENGINEERING;1;1;0,143;1;1;2016
CONCURRENCY AND COMPUTATION-PRACTICE & EXPERIENCE;1;1;0,333;2;1;2020
CONDENSED MATTER PHYSICS;1;1;0,111;6;1;2014
CONSTRUCTION MANAGEMENT AND ECONOMICS;1;1;0,200;1;1;2018
CONTEMPORARY CLINICAL TRIALS;1;1;0,167;2;1;2017
CONTROL ENGINEERING PRACTICE;1;1;0,333;21;1;2020
CORROSION;1;1;0,143;17;1;2016
CREATIVITY AND INNOVATION MANAGEMENT;1;1;0,500;1;1;2021
CRIMINOLOGY;1;1;0,250;12;1;2019
CRITICAL CARE MEDICINE;1;1;0,045;8;1;2001
CRITICAL REVIEW OF INTERNATIONAL SOCIAL AND POLITICAL PHILOSOPHY;1;1;0,200;1;1;2018
CRYOBIOLOGY;1;1;0,143;10;1;2016
CURRENT EYE RESEARCH;1;1;0,063;14;1;2007
CURRENT MICROBIOLOGY;1;1;0,333;3;1;2020
CUTANEOUS AND OCULAR TOXICOLOGY;1;1;0,500;5;1;2021
CYBERGEO-EUROPEAN JOURNAL OF GEOGRAPHY;1;1;0,200;2;1;2018
CYBERNETICS AND SYSTEMS;1;1;0,091;9;1;2012
CYTOMETRY PART A;1;1;0,100;3;1;2013
DALTON TRANSACTIONS;1;1;0,100;45;1;2013
DATA MINING AND KNOWLEDGE DISCOVERY;1;2;0,100;46;2;2013
DECISION SCIENCES;1;1;0,083;9;1;2011
DEMOGRAPHY;1;1;0,083;26;1;2011
DENTISTRY JOURNAL;1;1;0,333;3;1;2020
DESALINATION AND WATER TREATMENT;1;1;0,125;5;1;2015
DEUTSCHE TIERARZTLICHE WOCHENSCHRIFT;1;1;0,053;4;1;2004
DEVELOPMENTAL PSYCHOLOGY;1;1;0,059;42;1;2006
DIAGNOSTIC MICROBIOLOGY AND INFECTIOUS DISEASE;1;1;0,143;6;1;2016
DIGESTIVE DISEASES;1;1;0,125;10;1;2015
DIGITAL SIGNAL PROCESSING;1;1;0,125;1;1;2015
DISCOURSE-STUDIES IN THE CULTURAL POLITICS OF EDUCATION;1;1;0,143;22;1;2016
DISEASES OF AQUATIC ORGANISMS;1;1;0,036;106;1;1995
DRUG DESIGN DEVELOPMENT AND THERAPY;1;1;0,143;15;1;2016
DRUG DEVELOPMENT RESEARCH;1;1;0,250;11;1;2019
DRUGS & AGING;1;1;0,056;21;1;2005
DRYING TECHNOLOGY;1;1;0,167;8;1;2017
DYNA;1;1;0,333;1;1;2020
DYNAMIC GAMES AND APPLICATIONS;1;1;0,250;1;1;2019
E-POLYMERS;1;1;0,063;4;1;2007
EAR AND HEARING;1;1;0,200;10;1;2018
EARTH SURFACE PROCESSES AND LANDFORMS;1;1;0,077;17;1;2010
EARTH SYSTEM DYNAMICS;1;1;0,500;2;1;2021
EARTHQUAKES AND STRUCTURES;1;1;0,100;3;1;2013
ECOGRAPHY;1;1;0,250;5;1;2019
ECOLOGICAL MONOGRAPHS;1;1;0,500;1;1;2021
ECONOMETRICS AND STATISTICS;1;1;0,200;8;1;2018
ECONOMETRICS JOURNAL;1;1;0,200;3;1;2018
ECONOMIC ANALYSIS AND POLICY;1;1;0,250;5;1;2019
ECONOMIC AND SOCIAL CHANGES-FACTS TRENDS FORECAST;1;1;0,250;1;1;2019
ECONOMIC INQUIRY;1;1;0,071;7;1;2009
ECONOMIC JOURNAL;1;1;0,034;30;1;1994
ECONOMIC RECORD;1;1;0,143;2;1;2016
ECONOMICS-THE OPEN ACCESS OPEN-ASSESSMENT E-JOURNAL;1;1;0,077;9;1;2010
ECONOMIST-NETHERLANDS;1;1;0,083;8;1;2011
ECOTOXICOLOGY AND ENVIRONMENTAL SAFETY;1;1;0,333;7;1;2020
EKONOMICHESKAYA POLITIKA;1;1;0,250;1;1;2019
EKONOMICKY CASOPIS;1;1;0,091;5;1;2012
ELECTRIC POWER COMPONENTS AND SYSTEMS;1;1;0,056;18;1;2005
ELECTRICAL ENGINEERING IN JAPAN;1;1;0,111;2;1;2014
ELECTROCHEMICAL AND SOLID STATE LETTERS;1;1;0,063;14;1;2007
ELECTROCHIMICA ACTA;1;1;0,250;21;1;2019
ELECTRONIC COMMERCE RESEARCH;1;1;0,250;21;1;2019
ELECTRONIC COMMERCE RESEARCH AND APPLICATIONS;1;1;0,071;30;1;2009
ELECTRONICS AND COMMUNICATIONS IN JAPAN;1;1;0,077;1;1;2010
ELIFE;1;1;0,250;10;1;2019
EMERGING MARKETS FINANCE AND TRADE;1;1;0,143;2;1;2016
EMERGING THEMES IN EPIDEMIOLOGY;1;1;0,500;2;1;2021
ENCEPHALE-REVUE DE PSYCHIATRIE CLINIQUE BIOLOGIQUE ET THERAPEUTIQUE;1;1;0,048;35;1;2002
ENERGY;1;1;0,500;5;1;2021
ENERGY ECONOMICS;1;2;0,077;12;2;2010
ENERGY EXPLORATION & EXPLOITATION;1;1;0,250;2;1;2019
ENERGY JOURNAL;1;2;0,125;6;2;2015
ENERGY RESEARCH & SOCIAL SCIENCE;1;1;0,333;5;1;2020
ENERGY SCIENCE & ENGINEERING;1;1;0,333;2;1;2020
ENERGY SOURCES PART B-ECONOMICS PLANNING AND POLICY;1;1;0,100;4;1;2013
ENGINEERING WITH COMPUTERS;1;1;0,500;23;1;2021
ENTERTAINMENT COMPUTING;1;1;0,250;9;1;2019
ENTOMOLOGIA EXPERIMENTALIS ET APPLICATA;1;1;0,100;11;1;2013
ENVIRONMENT AND DEVELOPMENT ECONOMICS;1;1;0,059;33;1;2006
ENVIRONMENTAL & RESOURCE ECONOMICS;1;2;0,043;64;2;2000
ENVIRONMENTAL ENGINEERING AND MANAGEMENT JOURNAL;1;1;0,250;2;1;2019
ENVIRONMENTAL IMPACT ASSESSMENT REVIEW;1;1;0,500;2;1;2021
ENVIRONMENTAL MANAGEMENT;1;1;0,059;50;1;2006
ENVIRONMENTAL MODELING & ASSESSMENT;1;1;0,250;4;1;2019
ENVIRONMENTAL POLLUTION;1;1;0,067;16;1;2008
ENVIRONMENTAL RESEARCH;1;1;0,500;3;1;2021
ENVIRONMENTAL SCIENCE & POLICY;1;1;0,333;10;1;2020
ENVIRONMENTAL SCIENCE & TECHNOLOGY;1;1;0,067;11;1;2008
EPIDEMICS;1;1;0,250;9;1;2019
EPIDEMIOLOGY;1;1;0,143;37;1;2016
EPIGENETICS;1;1;0,083;68;1;2011
EPISTEME-A JOURNAL OF INDIVIDUAL AND SOCIAL EPISTEMOLOGY;1;1;0,071;22;1;2009
EPISTEMOLOGY & PHILOSOPHY OF SCIENCE-EPISTEMOLOGIYA I FILOSOFIYA NAUKI;1;1;0,250;5;1;2019
EPJ DATA SCIENCE;1;1;0,143;1;1;2016
EQUALITY DIVERSITY AND INCLUSION;1;1;0,250;1;1;2019
ERDKUNDE;1;1;0,091;8;1;2012
ESAIM-CONTROL OPTIMISATION AND CALCULUS OF VARIATIONS;1;1;0,056;272;1;2005
ESC HEART FAILURE;1;1;0,333;3;1;2020
ESTUARINE COASTAL AND SHELF SCIENCE;1;1;0,125;1;1;2015
EUROPEAN ECONOMIC REVIEW;1;1;0,083;11;1;2011
EUROPEAN HEART JOURNAL;1;1;0,063;37;1;2007
EUROPEAN JOURNAL OF APPLIED PHYSIOLOGY;1;1;0,111;1;1;2014
EUROPEAN JOURNAL OF BIOCHEMISTRY;1;1;0,043;8;1;2000
EUROPEAN JOURNAL OF CLINICAL PHARMACOLOGY;1;2;0,038;22;2;1997
EUROPEAN JOURNAL OF CONTROL;1;1;0,091;5;1;2012
EUROPEAN JOURNAL OF ENVIRONMENTAL AND CIVIL ENGINEERING;1;1;0,167;34;1;2017
EUROPEAN JOURNAL OF INFORMATION SYSTEMS;1;1;0,250;38;1;2019
EUROPEAN JOURNAL OF LIPID SCIENCE AND TECHNOLOGY;1;2;0,045;9;2;2001
EUROPEAN JOURNAL OF MANAGEMENT AND BUSINESS ECONOMICS;1;1;0,167;23;1;2017
EUROPEAN JOURNAL OF ORGANIC CHEMISTRY;1;1;0,048;20;1;2002
EUROPEAN JOURNAL OF PAEDIATRIC DENTISTRY;1;1;0,143;9;1;2016
EUROPEAN JOURNAL OF PLASTIC SURGERY;1;1;0,036;4;1;1995
EUROPEAN JOURNAL OF RADIOLOGY;1;1;0,045;12;1;2001
EUROPEAN JOURNAL OF RADIOLOGY OPEN;1;1;0,167;3;1;2017
EUROPEAN JOURNAL OF TRANSPORT AND INFRASTRUCTURE RESEARCH;1;1;0,333;1;1;2020
EUROPEAN JOURNAL OF TRAUMA AND EMERGENCY SURGERY;1;1;0,111;8;1;2014
EUROPEAN JOURNAL OF VASCULAR SURGERY;1;1;0,032;10;1;1992
EUROPEAN MANAGEMENT REVIEW;1;1;0,250;2;1;2019
EUROPEAN NEUROPSYCHOPHARMACOLOGY;1;1;0,037;26;1;1996
EUROPEAN PHYSICAL JOURNAL-SPECIAL TOPICS;1;1;0,091;20;1;2012
EUROPEAN POLYMER JOURNAL;1;1;0,059;8;1;2006
EUROPEAN RADIOLOGY;1;1;0,053;178;1;2004
EUROPEAN REVIEW OF AGRICULTURAL ECONOMICS;1;1;0,100;7;1;2013
EUROPEAN SURGICAL RESEARCH;1;1;0,038;35;1;1997
EUROPEAN UNION POLITICS;1;1;0,200;21;1;2018
EVALUATION AND PROGRAM PLANNING;1;1;0,167;16;1;2017
EVOLUTION AND HUMAN BEHAVIOR;1;1;0,050;90;1;2003
EXPERIMENTAL EYE RESEARCH;1;1;0,067;51;1;2008
EXPERIMENTAL HEMATOLOGY;1;1;0,042;23;1;1999
EXPERIMENTAL NEUROLOGY;1;1;0,071;41;1;2009
EXPERT SYSTEMS;1;1;0,333;3;2;2020
EXPLORATIONS IN ECONOMIC HISTORY;1;1;0,048;40;1;2002
FARMACIA HOSPITALARIA;1;1;0,200;2;1;2018
FEMS MICROBIOLOGY ECOLOGY;1;1;0,100;13;1;2013
FEMS YEAST RESEARCH;1;1;0,056;15;1;2005
FINANCE A UVER-CZECH JOURNAL OF ECONOMICS AND FINANCE;1;1;0,250;1;1;2019
FINANCIAL INNOVATION;1;1;0,200;6;1;2018
FINANZARCHIV;1;1;0,091;3;1;2012
FINITE ELEMENTS IN ANALYSIS AND DESIGN;1;1;0,250;7;1;2019
FISH & SHELLFISH IMMUNOLOGY;1;1;0,050;18;1;2003
FOOD AND BIOPROCESS TECHNOLOGY;1;1;0,100;19;1;2013
FOOD SECURITY;1;1;0,250;9;1;2019
FORENSIC SCIENCE INTERNATIONAL;1;1;0,048;29;1;2002
FOREST ECOLOGY AND MANAGEMENT;1;1;0,143;34;1;2016
FOREST POLICY AND ECONOMICS;1;1;0,250;18;1;2019
FOREST SCIENCE;1;1;0,143;3;1;2016
FORESTS;1;2;0,250;10;2;2019
FRACTALS-COMPLEX GEOMETRY PATTERNS AND SCALING IN NATURE AND SOCIETY;1;1;0,077;6;1;2010
FRESENIUS JOURNAL OF ANALYTICAL CHEMISTRY;1;1;0,036;13;1;1995
FRONTIERS IN BLOCKCHAIN;1;1;0,333;3;1;2020
FRONTIERS IN CARDIOVASCULAR MEDICINE;1;1;0,200;34;1;2018
FRONTIERS IN IMMUNOLOGY;1;1;0,250;4;1;2019
FRONTIERS IN MICROBIOLOGY;1;1;0,143;15;1;2016
FRONTIERS IN NEUROLOGY;1;1;0,500;1;1;2021
FRONTIERS IN NEUROROBOTICS;1;2;0,111;6;3;2014
FRONTIERS IN NEUROSCIENCE;1;1;0,125;2;1;2015
FRONTIERS IN PHARMACOLOGY;1;1;0,500;1;1;2021
FRONTIERS IN PHYSIOLOGY;1;1;0,200;3;1;2018
FRONTIERS IN SUSTAINABLE FOOD SYSTEMS;1;1;0,333;2;1;2020
FRONTIERS IN WATER;1;1;0,333;5;1;2020
FRONTIERS OF ARCHITECTURAL RESEARCH;1;1;0,250;6;1;2019
FRONTIERS OF INFORMATION TECHNOLOGY & ELECTRONIC ENGINEERING;1;1;0,500;1;1;2021
FUNDAMENTAL & CLINICAL PHARMACOLOGY;1;1;0,100;1;1;2013
FUTURE GENERATION COMPUTER SYSTEMS-THE INTERNATIONAL JOURNAL OF ESCIENCE;1;1;0,333;3;1;2020
FUTURE INTERNET;1;1;0,333;1;1;2020
GAIT & POSTURE;1;1;0,250;2;1;2019
GAMES;1;1;0,250;2;1;2019
GENETIC TESTING AND MOLECULAR BIOMARKERS;1;1;0,077;9;1;2010
GENETICS;1;1;0,143;9;1;2016
GENETICS AND MOLECULAR RESEARCH;1;1;0,143;16;1;2016
GEOCHIMICA ET COSMOCHIMICA ACTA;1;1;0,125;43;1;2015
GEODERMA;1;1;0,500;1;1;2021
GEOFORUM;1;1;0,091;23;1;2012
GEOGRAPHICAL ANALYSIS;1;1;0,037;14;1;1996
GEOTECHNICAL AND GEOLOGICAL ENGINEERING;1;2;0,167;47;2;2017
GIORNALE ITALIANO DI MEDICINA DEL LAVORO ED ERGONOMIA;1;1;0,167;1;1;2017
GLASS TECHNOLOGY-EUROPEAN JOURNAL OF GLASS SCIENCE AND TECHNOLOGY PART A;1;1;0,063;26;1;2007
GLASTECHNISCHE BERICHTE-GLASS SCIENCE AND TECHNOLOGY;1;1;0,040;15;1;1998
GLOBAL CHANGE BIOLOGY;1;1;0,500;3;1;2021
GLOBAL ECOLOGY AND BIOGEOGRAPHY;1;1;0,045;43;1;2001
GRAEFES ARCHIVE FOR CLINICAL AND EXPERIMENTAL OPHTHALMOLOGY;1;1;0,033;47;1;1993
GRANULAR MATTER;1;1;0,500;1;1;2021
GREEN CHEMISTRY;1;1;0,143;25;1;2016
GUT;1;1;0,032;83;1;1992
GYNECOLOGIC ONCOLOGY;1;1;0,042;3;1;1999
HEALTH & PLACE;1;1;0,333;1;1;2020
HEALTH AND TECHNOLOGY;1;1;0,333;2;1;2020
HEALTH ECONOMICS;1;1;0,167;1;1;2017
HEALTH RISK & SOCIETY;1;1;0,053;13;1;2004
HELIYON;1;1;0,250;3;1;2019
HEPATOLOGY RESEARCH;1;1;0,043;7;1;2000
HUMAN COMMUNICATION RESEARCH;1;1;0,048;70;1;2002
HUMAN ECOLOGY;1;1;0,083;55;1;2011
HUMAN FACTORS AND ERGONOMICS IN MANUFACTURING;1;1;0,048;1;1;2002
HUMAN FACTORS AND ERGONOMICS IN MANUFACTURING & SERVICE INDUSTRIES;1;1;0,100;2;1;2013
HUMAN NATURE-AN INTERDISCIPLINARY BIOSOCIAL PERSPECTIVE;1;1;0,167;15;1;2017
HUMAN-CENTRIC COMPUTING AND INFORMATION SCIENCES;1;1;0,167;12;1;2017
HYDROGEOLOGY JOURNAL;1;1;0,125;60;1;2015
ICES JOURNAL OF MARINE SCIENCE;1;1;0,250;12;1;2019
IEEE CIRCUITS AND SYSTEMS MAGAZINE;1;1;0,067;67;1;2008
IEEE INTELLIGENT TRANSPORTATION SYSTEMS MAGAZINE;1;2;0,250;10;2;2019
IEEE INTERNET COMPUTING;1;1;0,100;19;1;2013
IEEE JOURNAL OF BIOMEDICAL AND HEALTH INFORMATICS;1;2;0,250;8;2;2019
IEEE JOURNAL OF SELECTED TOPICS IN SIGNAL PROCESSING;1;1;0,091;16;1;2012
IEEE JOURNAL ON SELECTED AREAS IN COMMUNICATIONS;1;1;0,100;10;1;2013
IEEE LATIN AMERICA TRANSACTIONS;1;1;0,250;1;1;2019
IEEE SIGNAL PROCESSING LETTERS;1;1;0,333;6;1;2020
IEEE TRANSACTIONS ON BIOMEDICAL ENGINEERING;1;1;0,333;1;1;2020
IEEE TRANSACTIONS ON COMMUNICATIONS;1;1;0,333;2;1;2020
IEEE TRANSACTIONS ON COMPUTERS;1;1;0,100;7;1;2013
IEEE TRANSACTIONS ON DEVICE AND MATERIALS RELIABILITY;1;1;0,200;13;1;2018
IEEE TRANSACTIONS ON HUMAN-MACHINE SYSTEMS;1;1;0,167;5;1;2017
IEEE TRANSACTIONS ON INDUSTRY APPLICATIONS;1;1;0,500;2;1;2021
IEEE TRANSACTIONS ON INFORMATION TECHNOLOGY IN BIOMEDICINE;1;1;0,071;18;1;2009
IEEE TRANSACTIONS ON MEDICAL IMAGING;1;1;0,091;21;1;2012
IEEE TRANSACTIONS ON MOBILE COMPUTING;1;1;0,333;7;1;2020
IEEE TRANSACTIONS ON NETWORK AND SERVICE MANAGEMENT;1;1;0,100;5;1;2013
IEEE TRANSACTIONS ON NEURAL NETWORKS;1;1;0,063;38;1;2007
IEEE TRANSACTIONS ON PARALLEL AND DISTRIBUTED SYSTEMS;1;1;0,125;39;1;2015
IEEE TRANSACTIONS ON WIRELESS COMMUNICATIONS;1;2;0,111;10;2;2014
IEEE-ACM TRANSACTIONS ON COMPUTATIONAL BIOLOGY AND BIOINFORMATICS;1;1;0,083;1;1;2011
IEEJ TRANSACTIONS ON ELECTRICAL AND ELECTRONIC ENGINEERING;1;1;0,250;1;1;2019
IEICE TRANSACTIONS ON INFORMATION AND SYSTEMS;1;1;0,083;5;1;2011
IET INTELLIGENT TRANSPORT SYSTEMS;1;1;0,250;3;1;2019
IET SYSTEMS BIOLOGY;1;1;0,091;3;1;2012
IMPLEMENTATION SCIENCE;1;1;0,111;3;1;2014
INDIAN JOURNAL OF PHARMACEUTICAL EDUCATION AND RESEARCH;1;1;0,167;3;1;2017
INDONESIAN JOURNAL OF PHARMACY;1;1;0,200;1;1;2018
INFECTION AND IMMUNITY;1;1;0,043;44;1;2000
INFECTION GENETICS AND EVOLUTION;1;1;0,200;2;1;2018
INFECTIOUS DISEASE MODELLING;1;1;0,500;1;1;2021
INFLAMMATION RESEARCH;1;1;0,042;8;1;1999
INFORMATICA-JOURNAL OF COMPUTING AND INFORMATICS;1;1;0,167;6;1;2017
INFORMATION SYSTEMS FRONTIERS;1;1;0,500;1;1;2021
INSECT SCIENCE;1;1;0,083;8;1;2011
INTEGRATED COMPUTER-AIDED ENGINEERING;1;1;0,100;28;1;2013
INTELLIGENT DATA ANALYSIS;1;1;0,083;4;1;2011
INTERACTING WITH COMPUTERS;1;1;0,125;11;1;2015
INTERFACE FOCUS;1;1;0,500;2;1;2021
INTERNATIONAL ARAB JOURNAL OF INFORMATION TECHNOLOGY;1;1;0,100;13;1;2013
INTERNATIONAL CLINICAL PSYCHOPHARMACOLOGY;1;1;0,167;3;1;2017
INTERNATIONAL ECONOMIC REVIEW;1;1;0,091;27;1;2012
INTERNATIONAL JOURNAL FOR NUMERICAL METHODS IN BIOMEDICAL ENGINEERING;1;1;0,167;5;1;2017
INTERNATIONAL JOURNAL FOR VITAMIN AND NUTRITION RESEARCH;1;1;0,091;12;1;2012
INTERNATIONAL JOURNAL OF ADVANCED MANUFACTURING TECHNOLOGY;1;1;0,143;34;1;2016
INTERNATIONAL JOURNAL OF BEHAVIORAL NUTRITION AND PHYSICAL ACTIVITY;1;1;0,200;4;1;2018
INTERNATIONAL JOURNAL OF BIOLOGICAL SCIENCES;1;1;0,083;9;1;2011
INTERNATIONAL JOURNAL OF BUSINESS COMMUNICATION;1;1;0,250;13;1;2019
INTERNATIONAL JOURNAL OF CANCER;1;1;0,050;38;1;2003
INTERNATIONAL JOURNAL OF CARDIOVASCULAR IMAGING;1;1;0,083;6;1;2011
INTERNATIONAL JOURNAL OF CHEMICAL REACTOR ENGINEERING;1;1;0,050;6;1;2003
INTERNATIONAL JOURNAL OF CLINICAL AND EXPERIMENTAL MEDICINE;1;1;0,125;2;1;2015
INTERNATIONAL JOURNAL OF COAL GEOLOGY;1;1;0,125;9;1;2015
INTERNATIONAL JOURNAL OF COMMUNICATION;1;1;0,250;2;1;2019
INTERNATIONAL JOURNAL OF COMPUTATIONAL ECONOMICS AND ECONOMETRICS;1;1;0,200;4;1;2018
INTERNATIONAL JOURNAL OF COMPUTATIONAL INTELLIGENCE SYSTEMS;1;1;0,111;2;1;2014
INTERNATIONAL JOURNAL OF COMPUTATIONAL SCIENCE AND ENGINEERING;1;1;0,250;1;1;2019
INTERNATIONAL JOURNAL OF COMPUTER SCIENCE AND NETWORK SECURITY;1;1;0,167;6;1;2017
INTERNATIONAL JOURNAL OF COMPUTER VISION;1;1;0,125;66;1;2015
INTERNATIONAL JOURNAL OF COMPUTER-SUPPORTED COLLABORATIVE LEARNING;1;1;0,333;3;1;2020
INTERNATIONAL JOURNAL OF COOPERATIVE INFORMATION SYSTEMS;1;1;0,333;2;1;2020
INTERNATIONAL JOURNAL OF COSMETIC SCIENCE;1;1;0,167;9;1;2017
INTERNATIONAL JOURNAL OF DISASTER RISK REDUCTION;1;1;0,500;1;1;2021
INTERNATIONAL JOURNAL OF DISTRIBUTED SENSOR NETWORKS;1;2;0,167;7;2;2017
INTERNATIONAL JOURNAL OF ELECTROCHEMICAL SCIENCE;1;1;0,143;13;1;2016
INTERNATIONAL JOURNAL OF ENERGY RESEARCH;1;2;0,048;48;2;2002
INTERNATIONAL JOURNAL OF ENGINEERING;1;1;0,250;3;1;2019
INTERNATIONAL JOURNAL OF ENTREPRENEURIAL BEHAVIOUR & RESEARCH;1;1;0,167;9;1;2017
INTERNATIONAL JOURNAL OF ENVIRONMENTAL RESEARCH;1;1;0,077;39;1;2010
INTERNATIONAL JOURNAL OF ENVIRONMENTAL SCIENCE AND TECHNOLOGY;1;1;0,111;22;1;2014
INTERNATIONAL JOURNAL OF ESTHETIC DENTISTRY;1;1;0,200;9;1;2018
INTERNATIONAL JOURNAL OF EXPERIMENTAL PATHOLOGY;1;1;0,033;10;1;1993
INTERNATIONAL JOURNAL OF FATIGUE;1;1;0,200;27;1;2018
INTERNATIONAL JOURNAL OF FINANCE & ECONOMICS;1;1;0,071;2;1;2009
INTERNATIONAL JOURNAL OF GAME THEORY;1;1;0,050;12;1;2003
INTERNATIONAL JOURNAL OF HEMATOLOGY;1;1;0,053;15;1;2004
INTERNATIONAL JOURNAL OF HOUSING MARKETS AND ANALYSIS;1;1;0,200;4;1;2018
INTERNATIONAL JOURNAL OF HUMAN-COMPUTER INTERACTION;1;1;0,250;6;1;2019
INTERNATIONAL JOURNAL OF HYDROGEN ENERGY;1;1;0,333;8;1;2020
INTERNATIONAL JOURNAL OF IMMUNOPHARMACOLOGY;1;1;0,037;14;1;1996
INTERNATIONAL JOURNAL OF IMPOTENCE RESEARCH;1;1;0,048;11;1;2002
INTERNATIONAL JOURNAL OF INDUSTRIAL ORGANIZATION;1;1;0,063;9;1;2007
INTERNATIONAL JOURNAL OF INFECTIOUS DISEASES;1;1;0,067;23;1;2008
INTERNATIONAL JOURNAL OF INNOVATIVE COMPUTING INFORMATION AND CONTROL;1;1;0,071;7;1;2009
INTERNATIONAL JOURNAL OF INTELLIGENT COMPUTING AND CYBERNETICS;1;1;0,333;1;1;2020
INTERNATIONAL JOURNAL OF INTELLIGENT TRANSPORTATION SYSTEMS RESEARCH;1;1;0,167;2;1;2017
INTERNATIONAL JOURNAL OF MICROGRAVITY SCIENCE AND APPLICATION;1;1;0,333;1;1;2020
INTERNATIONAL JOURNAL OF MODELING SIMULATION AND SCIENTIFIC COMPUTING;1;1;0,200;2;1;2018
INTERNATIONAL JOURNAL OF MODERN PHYSICS B;1;1;0,143;5;1;2016
INTERNATIONAL JOURNAL OF MOLECULAR MEDICINE;1;1;0,063;19;1;2007
INTERNATIONAL JOURNAL OF MORPHOLOGY;1;1;0,167;4;1;2017
INTERNATIONAL JOURNAL OF MULTIPHASE FLOW;1;1;0,043;25;1;2000
INTERNATIONAL JOURNAL OF NEUROPSYCHOPHARMACOLOGY;1;1;0,125;14;1;2015
INTERNATIONAL JOURNAL OF NEUROSCIENCE;1;1;0,043;3;1;2000
INTERNATIONAL JOURNAL OF OIL GAS AND COAL TECHNOLOGY;1;1;0,111;3;1;2014
INTERNATIONAL JOURNAL OF ORAL AND MAXILLOFACIAL SURGERY;1;1;0,077;3;1;2010
INTERNATIONAL JOURNAL OF ORAL SCIENCE;1;1;0,143;4;1;2016
INTERNATIONAL JOURNAL OF PHARMACEUTICAL SCIENCES AND RESEARCH;1;1;0,167;1;1;2017
INTERNATIONAL JOURNAL OF PHOTOENERGY;1;1;0,111;4;1;2014
INTERNATIONAL JOURNAL OF PHYSICAL DISTRIBUTION & LOGISTICS MANAGEMENT;1;1;0,500;2;1;2021
INTERNATIONAL JOURNAL OF POWER AND ENERGY SYSTEMS;1;1;0,200;1;1;2018
INTERNATIONAL JOURNAL OF QUANTUM CHEMISTRY;1;1;0,040;10;1;1998
INTERNATIONAL JOURNAL OF ROBOTICS & AUTOMATION;1;1;0,167;1;1;2017
INTERNATIONAL JOURNAL OF SOCIAL ROBOTICS;1;1;0,500;1;1;2021
INTERNATIONAL JOURNAL OF SOFTWARE ENGINEERING AND KNOWLEDGE ENGINEERING;1;1;0,067;1;1;2008
INTERNATIONAL JOURNAL OF SOLIDS AND STRUCTURES;1;1;0,100;35;1;2013
INTERNATIONAL JOURNAL OF SUSTAINABLE TRANSPORTATION;1;1;0,167;2;1;2017
INTERNATIONAL JOURNAL OF TOXICOLOGY;1;1;0,042;13;1;1999
INTERNATIONAL JOURNAL OF TRANSPORT ECONOMICS;1;1;0,100;28;1;2013
INTERNATIONAL JOURNAL OF URBAN SCIENCES;1;1;0,167;54;1;2017
INTERNATIONAL JOURNAL OF WILDLAND FIRE;1;1;0,083;7;1;2011
INTERNATIONAL JOURNAL ON SOFTWARE TOOLS FOR TECHNOLOGY TRANSFER;1;1;0,333;2;1;2020
INTERNATIONAL ORTHOPAEDICS;1;1;0,067;25;1;2008
INTERNATIONAL REVIEW OF FINANCIAL ANALYSIS;1;1;0,200;5;1;2018
INTERNATIONAL REVIEW OF SOCIAL PSYCHOLOGY;1;1;0,167;16;1;2017
INTERNATIONAL SMALL BUSINESS JOURNAL-RESEARCHING ENTREPRENEURSHIP;1;1;0,167;27;1;2017
INTERNATIONAL STATISTICAL REVIEW;1;1;0,067;147;1;2008
INTERNATIONAL TRANSACTIONS ON ELECTRICAL ENERGY SYSTEMS;1;1;0,111;7;1;2014
INVESTIGATIONAL NEW DRUGS;1;1;0,083;17;1;2011
IRANIAN POLYMER JOURNAL;1;1;0,250;4;1;2019
IRANIAN RED CRESCENT MEDICAL JOURNAL;1;1;0,111;27;1;2014
IRONMAKING & STEELMAKING;1;1;0,125;3;1;2015
JAPANESE JOURNAL OF APPLIED PHYSICS;1;1;0,125;18;1;2015
JAPANESE JOURNAL OF OPHTHALMOLOGY;1;1;0,048;5;1;2002
JMIR RESEARCH PROTOCOLS;1;1;0,250;18;1;2019
JMIR SERIOUS GAMES;1;1;0,333;3;1;2020
JOM;1;1;0,250;1;1;2019
JOURNAL FOR NATURE CONSERVATION;1;1;0,500;1;1;2021
JOURNAL FOR THE SCIENTIFIC STUDY OF RELIGION;1;1;0,063;28;1;2007
JOURNAL FOR THE THEORY OF SOCIAL BEHAVIOUR;1;1;0,250;2;1;2019
JOURNAL OF ADOLESCENT HEALTH;1;1;0,500;3;1;2021
JOURNAL OF ADVANCED CONCRETE TECHNOLOGY;1;1;0,167;18;1;2017
JOURNAL OF ADVANCED TRANSPORTATION;1;1;0,250;3;1;2019
JOURNAL OF AEROSPACE ENGINEERING;1;1;0,059;15;1;2006
JOURNAL OF AGRICULTURAL AND FOOD CHEMISTRY;1;1;0,040;6;1;1998
JOURNAL OF AGRICULTURAL AND RESOURCE ECONOMICS;1;1;0,071;22;1;2009
JOURNAL OF AGRICULTURAL ECONOMICS;1;1;0,167;16;1;2017
JOURNAL OF AGRICULTURAL SCIENCE;1;1;0,143;6;1;2016
JOURNAL OF ALLOYS AND COMPOUNDS;1;1;0,056;41;1;2005
JOURNAL OF ANALYTICAL AND APPLIED PYROLYSIS;1;1;0,143;15;1;2016
JOURNAL OF ANALYTICAL TOXICOLOGY;1;1;0,143;11;1;2016
JOURNAL OF ANIMAL AND VETERINARY ADVANCES;1;1;0,063;2;1;2007
JOURNAL OF ANTHROPOLOGICAL ARCHAEOLOGY;1;2;0,143;31;2;2016
JOURNAL OF ANTIMICROBIAL CHEMOTHERAPY;1;1;0,059;35;1;2006
JOURNAL OF APPLIED ANALYSIS AND COMPUTATION;1;1;0,333;4;1;2020
JOURNAL OF APPLIED ECONOMETRICS;1;1;0,063;63;1;2007
JOURNAL OF APPLIED PHYSIOLOGY;1;1;0,200;11;1;2018
JOURNAL OF APPLIED PSYCHOLOGY;1;1;0,143;53;1;2016
JOURNAL OF AQUATIC ANIMAL HEALTH;1;1;0,083;10;1;2011
JOURNAL OF ARCHAEOLOGICAL SCIENCE;1;1;0,200;8;1;2018
JOURNAL OF ASIAN ARCHITECTURE AND BUILDING ENGINEERING;1;1;0,100;8;1;2013
JOURNAL OF ASIAN EARTH SCIENCES;1;1;0,250;24;1;2019
JOURNAL OF ATMOSPHERIC AND TERRESTRIAL PHYSICS;1;1;0,032;2;1;1992
JOURNAL OF BEHAVIORAL AND EXPERIMENTAL ECONOMICS;1;1;0,250;3;2;2019
JOURNAL OF BIOLOGICAL CHEMISTRY;1;1;0,037;46;1;1996
JOURNAL OF BIOLOGICAL DYNAMICS;1;1;0,250;1;1;2019
JOURNAL OF BIOLOGICAL PHYSICS;1;1;0,059;14;1;2006
JOURNAL OF BIOLOGICAL RHYTHMS;1;1;0,031;34;1;1991
JOURNAL OF BIOMOLECULAR STRUCTURE & DYNAMICS;1;1;0,043;2;1;2000
JOURNAL OF BIOPHARMACEUTICAL STATISTICS;1;1;0,059;40;1;2006
JOURNAL OF BONE AND MINERAL RESEARCH;1;1;0,053;76;1;2004
JOURNAL OF BRIDGE ENGINEERING;1;1;0,143;21;1;2016
JOURNAL OF BUON;1;1;0,100;2;1;2013
JOURNAL OF BUSINESS RESEARCH;1;1;0,063;65;1;2007
JOURNAL OF CANCER;1;1;0,167;11;1;2017
JOURNAL OF CATARACT AND REFRACTIVE SURGERY;1;1;0,042;6;1;1999
JOURNAL OF CEREBRAL BLOOD FLOW AND METABOLISM;1;1;0,063;137;1;2007
JOURNAL OF CHEMICAL INFORMATION AND COMPUTER SCIENCES;1;1;0,048;51;1;2002
JOURNAL OF CHEMICAL THERMODYNAMICS;1;1;0,333;7;1;2020
JOURNAL OF CHILD AND ADOLESCENT PSYCHOPHARMACOLOGY;1;1;0,125;8;1;2015
JOURNAL OF CHOICE MODELLING;1;1;0,333;4;1;2020
JOURNAL OF CHROMATOGRAPHY B-ANALYTICAL TECHNOLOGIES IN THE BIOMEDICAL AND LIFE SCIENCES;1;1;0,143;15;1;2016
JOURNAL OF CIVIL STRUCTURAL HEALTH MONITORING;1;1;0,250;2;1;2019
JOURNAL OF CLINICAL ANESTHESIA;1;1;0,077;6;1;2010
JOURNAL OF CLINICAL MEDICINE;1;1;0,500;3;1;2021
JOURNAL OF CLINICAL MICROBIOLOGY;1;1;0,077;16;1;2010
JOURNAL OF CLINICAL ONCOLOGY;1;1;0,043;21;1;2000
JOURNAL OF CLINICAL PSYCHOPHARMACOLOGY;1;1;0,056;84;1;2005
JOURNAL OF CLINICAL ULTRASOUND;1;1;0,056;7;1;2005
JOURNAL OF COASTAL RESEARCH;1;1;0,059;2;1;2006
JOURNAL OF COMPARATIVE PSYCHOLOGY;1;1;0,250;1;1;2019
JOURNAL OF COMPOSITE MATERIALS;1;1;0,200;1;1;2018
JOURNAL OF COMPOSITES FOR CONSTRUCTION;1;1;0,167;2;1;2017
JOURNAL OF COMPUTATIONAL AND GRAPHICAL STATISTICS;1;1;0,067;1;1;2008
JOURNAL OF COMPUTATIONAL NEUROSCIENCE;1;1;0,111;7;1;2014
JOURNAL OF COMPUTERS IN EDUCATION;1;1;0,250;1;1;2019
JOURNAL OF COMPUTING IN HIGHER EDUCATION;1;1;0,143;2;1;2016
JOURNAL OF CONSTRUCTIONAL STEEL RESEARCH;1;1;0,333;2;1;2020
JOURNAL OF CONSUMER PSYCHOLOGY;1;1;0,053;51;1;2004
JOURNAL OF CONTROLLED RELEASE;1;1;0,053;104;1;2004
JOURNAL OF CRANIO-MAXILLOFACIAL SURGERY;1;1;0,143;6;1;2016
JOURNAL OF CRANIOFACIAL SURGERY;1;2;0,111;5;2;2014
JOURNAL OF CRITICAL CARE;1;1;0,077;56;1;2010
JOURNAL OF DEFENSE MODELING AND SIMULATION-APPLICATIONS METHODOLOGY TECHNOLOGY-JDMS;1;1;0,167;1;1;2017
JOURNAL OF DENTAL RESEARCH;1;1;0,333;1;1;2020
JOURNAL OF DENTISTRY;1;1;0,143;7;1;2016
JOURNAL OF DERMATOLOGICAL SCIENCE;1;1;0,125;9;1;2015
JOURNAL OF DEVELOPMENT ECONOMICS;1;1;0,063;15;1;2007
JOURNAL OF DIFFERENCE EQUATIONS AND APPLICATIONS;1;1;0,143;5;1;2016
JOURNAL OF DIFFERENTIAL EQUATIONS;1;1;0,143;13;1;2016
JOURNAL OF DYNAMICAL SYSTEMS AND GEOMETRIC THEORIES;1;1;0,250;2;1;2019
JOURNAL OF ECOLOGY;1;1;0,333;17;1;2020
JOURNAL OF ECONOMIC INEQUALITY;1;1;0,091;26;1;2012
JOURNAL OF ECONOMIC THEORY;1;2;0,143;9;2;2016
JOURNAL OF ECONOMICS & MANAGEMENT STRATEGY;1;1;0,077;9;1;2010
JOURNAL OF ECT;1;1;0,056;34;1;2005
JOURNAL OF ELECTROANALYTICAL CHEMISTRY;1;1;0,167;5;1;2017
JOURNAL OF ENDOCRINOLOGICAL INVESTIGATION;1;1;0,034;7;1;1994
JOURNAL OF ENDOVASCULAR THERAPY;1;1;0,083;4;1;2011
JOURNAL OF ENERGY RESOURCES TECHNOLOGY-TRANSACTIONS OF THE ASME;1;1;0,111;9;1;2014
JOURNAL OF ENERGY STORAGE;1;1;0,500;1;1;2021
JOURNAL OF ENGINEERING MECHANICS;1;1;0,125;22;1;2015
JOURNAL OF ENGINEERING-JOE;1;1;0,250;2;1;2019
JOURNAL OF ENVIRONMENTAL ECONOMICS AND MANAGEMENT;1;1;0,038;43;1;1997
JOURNAL OF ENVIRONMENTAL ENGINEERING;1;1;0,100;16;1;2013
JOURNAL OF ENVIRONMENTAL INFORMATICS;1;1;0,100;5;1;2013
JOURNAL OF ENZYME INHIBITION AND MEDICINAL CHEMISTRY;1;1;0,333;6;1;2020
JOURNAL OF EPIDEMIOLOGY AND COMMUNITY HEALTH;1;1;0,143;21;1;2016
JOURNAL OF ESTHETIC AND RESTORATIVE DENTISTRY;1;1;0,143;16;1;2016
JOURNAL OF ETHNOPHARMACOLOGY;1;1;0,037;7;1;1996
JOURNAL OF EUROPEAN PUBLIC POLICY;1;1;0,091;12;1;2012
JOURNAL OF EXPERIMENTAL & THEORETICAL ARTIFICIAL INTELLIGENCE;1;1;0,200;2;1;2018
JOURNAL OF EXPERIMENTAL BIOLOGY;1;1;0,056;4;1;2005
JOURNAL OF EXPERIMENTAL CHILD PSYCHOLOGY;1;1;0,333;1;1;2020
JOURNAL OF EXPERIMENTAL CRIMINOLOGY;1;1;0,500;1;1;2021
JOURNAL OF EXPERIMENTAL MARINE BIOLOGY AND ECOLOGY;1;1;0,250;5;1;2019
JOURNAL OF EXPERIMENTAL PSYCHOLOGY-ANIMAL BEHAVIOR PROCESSES;1;1;0,067;78;1;2008
JOURNAL OF EXPERIMENTAL PSYCHOLOGY-HUMAN PERCEPTION AND PERFORMANCE;1;1;0,200;13;1;2018
JOURNAL OF EXPOSURE SCIENCE AND ENVIRONMENTAL EPIDEMIOLOGY;1;1;0,333;4;1;2020
JOURNAL OF FAMILY PRACTICE;1;1;0,037;21;1;1996
JOURNAL OF FINANCE;1;1;0,042;21;1;1999
JOURNAL OF FINANCIAL STABILITY;1;1;0,200;33;1;2018
JOURNAL OF FISH BIOLOGY;1;1;0,059;20;1;2006
JOURNAL OF FISH DISEASES;1;1;0,077;21;1;2010
JOURNAL OF FLUIDS ENGINEERING-TRANSACTIONS OF THE ASME;1;1;0,083;5;1;2011
JOURNAL OF FORESTRY;1;1;0,045;20;1;2001
JOURNAL OF GEOGRAPHICAL SCIENCES;1;1;0,143;90;1;2016
JOURNAL OF GEOVISUALIZATION AND SPATIAL ANALYSIS;1;1;0,167;13;1;2017
JOURNAL OF GINSENG RESEARCH;1;1;0,125;16;1;2015
JOURNAL OF GLOBAL INFORMATION MANAGEMENT;1;1;0,500;2;1;2021
JOURNAL OF GUIDANCE CONTROL AND DYNAMICS;1;1;0,333;11;1;2020
JOURNAL OF HEALTH AND SOCIAL BEHAVIOR;1;1;0,143;18;1;2016
JOURNAL OF HOUSING AND THE BUILT ENVIRONMENT;1;2;0,125;6;2;2015
JOURNAL OF HUMAN BEHAVIOR IN THE SOCIAL ENVIRONMENT;1;1;0,200;2;1;2018
JOURNAL OF HUMANITARIAN LOGISTICS AND SUPPLY CHAIN MANAGEMENT;1;1;0,250;3;1;2019
JOURNAL OF HYDRAULIC RESEARCH;1;1;0,042;16;1;1999
JOURNAL OF HYDROLOGY;1;1;0,500;1;1;2021
JOURNAL OF INCLUSION PHENOMENA AND MACROCYCLIC CHEMISTRY;1;1;0,333;1;1;2020
JOURNAL OF INDUSTRIAL AND ENGINEERING CHEMISTRY;1;1;0,111;2;1;2014
JOURNAL OF INDUSTRIAL AND MANAGEMENT OPTIMIZATION;1;1;0,125;4;1;2015
JOURNAL OF INFECTION AND CHEMOTHERAPY;1;1;0,083;5;1;2011
JOURNAL OF INFORMATION SCIENCE AND ENGINEERING;1;1;0,111;2;1;2014
JOURNAL OF INFORMATION TECHNOLOGY & POLITICS;1;1;0,200;3;1;2018
JOURNAL OF INFRASTRUCTURE SYSTEMS;1;1;0,333;1;1;2020
JOURNAL OF INTEGRATED PEST MANAGEMENT;1;1;0,167;25;1;2017
JOURNAL OF INTEGRATIVE AGRICULTURE;1;1;0,250;16;1;2019
JOURNAL OF INTELLIGENT TRANSPORTATION SYSTEMS;1;1;0,091;7;1;2012
JOURNAL OF INTERACTIVE MARKETING;1;1;0,063;24;1;2007
JOURNAL OF INTERFERON AND CYTOKINE RESEARCH;1;1;0,036;31;1;1995
JOURNAL OF INTERNATIONAL FINANCIAL MARKETS INSTITUTIONS & MONEY;1;1;0,125;10;1;2015
JOURNAL OF INTERNATIONAL MEDICAL RESEARCH;1;1;0,083;2;1;2011
JOURNAL OF INTERNATIONAL MONEY AND FINANCE;1;1;0,083;2;1;2011
JOURNAL OF INTERNATIONAL SOCIETY OF PREVENTIVE AND COMMUNITY DENTISTRY;1;1;0,250;2;1;2019
JOURNAL OF INTERNET TECHNOLOGY;1;1;0,077;1;1;2010
JOURNAL OF LABORATORY AND CLINICAL MEDICINE;1;1;0,034;69;1;1994
JOURNAL OF LAND USE SCIENCE;1;1;0,143;12;1;2016
JOURNAL OF LAW ECONOMICS & ORGANIZATION;1;1;0,036;108;1;1995
JOURNAL OF LOSS PREVENTION IN THE PROCESS INDUSTRIES;1;1;0,125;11;1;2015
JOURNAL OF LUMINESCENCE;1;1;0,143;14;1;2016
JOURNAL OF MACROECONOMICS;1;1;0,100;1;1;2013
JOURNAL OF MAGNETISM AND MAGNETIC MATERIALS;1;1;0,125;66;1;2015
JOURNAL OF MANAGEMENT INFORMATION SYSTEMS;1;1;0,167;19;1;2017
JOURNAL OF MANAGERIAL PSYCHOLOGY;1;1;0,500;4;1;2021
JOURNAL OF MANUFACTURING SCIENCE AND ENGINEERING-TRANSACTIONS OF THE ASME;1;1;0,143;10;1;2016
JOURNAL OF MANUFACTURING SYSTEMS;1;1;0,100;7;1;2013
JOURNAL OF MATERIAL CYCLES AND WASTE MANAGEMENT;1;1;0,333;3;1;2020
JOURNAL OF MATERIALS PROCESSING TECHNOLOGY;1;1;0,059;11;1;2006
JOURNAL OF MATERIALS SCIENCE-MATERIALS IN MEDICINE;1;1;0,071;30;1;2009
JOURNAL OF MATHEMATICAL CHEMISTRY;1;1;0,091;3;2;2012
JOURNAL OF MATHEMATICAL PHYSICS;1;1;0,200;5;1;2018
JOURNAL OF MEDICAL AND BIOLOGICAL ENGINEERING;1;2;0,250;5;2;2019
JOURNAL OF MEDICAL INTERNET RESEARCH;1;2;0,333;22;2;2020
JOURNAL OF MEDICAL VIROLOGY;1;1;0,067;24;1;2008
JOURNAL OF MEDICINAL CHEMISTRY;1;1;0,043;14;1;2000
JOURNAL OF MICRO-NANOLITHOGRAPHY MEMS AND MOEMS;1;1;0,111;2;1;2014
JOURNAL OF MOLECULAR STRUCTURE;1;1;0,250;6;1;2019
JOURNAL OF MOLECULAR STRUCTURE-THEOCHEM;1;1;0,042;15;1;1999
JOURNAL OF NATURAL GAS CHEMISTRY;1;1;0,091;17;1;2012
JOURNAL OF NATURAL GAS SCIENCE AND ENGINEERING;1;1;0,125;21;1;2015
JOURNAL OF NETWORK AND COMPUTER APPLICATIONS;1;1;0,111;63;1;2014
JOURNAL OF NETWORK AND SYSTEMS MANAGEMENT;1;1;0,333;1;1;2020
JOURNAL OF NEURAL ENGINEERING;1;1;0,167;24;1;2017
JOURNAL OF NEUROINTERVENTIONAL SURGERY;1;1;0,500;1;1;2021
JOURNAL OF NEUROSCIENCE;1;1;0,100;19;1;2013
JOURNAL OF NEUROSCIENCE METHODS;1;1;0,111;14;1;2014
JOURNAL OF NEUROSCIENCE RESEARCH;1;1;0,063;25;1;2007
JOURNAL OF NEUROVIROLOGY;1;1;0,063;12;1;2007
JOURNAL OF NON-CRYSTALLINE SOLIDS;1;1;0,100;4;1;2013
JOURNAL OF NONVERBAL BEHAVIOR;1;1;0,111;7;1;2014
JOURNAL OF NUCLEAR MEDICINE;1;1;0,042;45;1;1999
JOURNAL OF NUTRITION;1;1;0,045;56;1;2001
JOURNAL OF OCCUPATIONAL AND ENVIRONMENTAL HYGIENE;1;1;0,111;2;1;2014
JOURNAL OF OCCUPATIONAL AND ORGANIZATIONAL PSYCHOLOGY;1;1;0,063;46;1;2007
JOURNAL OF OCULAR PHARMACOLOGY AND THERAPEUTICS;1;1;0,200;3;1;2018
JOURNAL OF OPTIMIZATION THEORY AND APPLICATIONS;1;1;0,143;6;1;2016
JOURNAL OF ORAL AND MAXILLOFACIAL SURGERY;1;1;0,067;13;1;2008
JOURNAL OF ORAL REHABILITATION;1;1;0,045;17;1;2001
JOURNAL OF ORGANIC CHEMISTRY;1;1;0,042;37;1;1999
JOURNAL OF PARALLEL AND DISTRIBUTED COMPUTING;1;1;0,143;7;1;2016
JOURNAL OF PHARMACEUTICAL AND BIOMEDICAL ANALYSIS;1;1;0,100;24;1;2013
JOURNAL OF PHARMACOKINETICS AND PHARMACODYNAMICS;1;1;0,250;5;1;2019
JOURNAL OF PHARMACOLOGICAL AND TOXICOLOGICAL METHODS;1;1;0,200;8;1;2018
JOURNAL OF PHONETICS;1;1;0,125;1;1;2015
JOURNAL OF PHYCOLOGY;1;1;0,091;6;1;2012
JOURNAL OF PHYSICAL ACTIVITY & HEALTH;1;1;0,100;8;1;2013
JOURNAL OF PHYSICAL CHEMISTRY;1;1;0,036;17;1;1995
JOURNAL OF PHYSICAL ORGANIC CHEMISTRY;1;1;0,091;2;1;2012
JOURNAL OF PHYSICS COMMUNICATIONS;1;1;0,167;4;1;2017
JOURNAL OF PHYSIOLOGICAL SCIENCES;1;1;0,083;6;1;2011
JOURNAL OF PHYSIOLOGY-PARIS;1;1;0,042;12;1;1999
JOURNAL OF POLYMERS AND THE ENVIRONMENT;1;1;0,200;9;1;2018
JOURNAL OF POST KEYNESIAN ECONOMICS;1;1;0,100;4;1;2013
JOURNAL OF PROSTHODONTICS-IMPLANT ESTHETIC AND RECONSTRUCTIVE DENTISTRY;1;1;0,071;31;1;2009
JOURNAL OF PUBLIC ECONOMIC THEORY;1;1;0,143;6;1;2016
JOURNAL OF PUBLIC HEALTH MANAGEMENT AND PRACTICE;1;1;0,100;2;1;2013
JOURNAL OF QUANTITATIVE CRIMINOLOGY;1;1;0,250;17;1;2019
JOURNAL OF REGIONAL SCIENCE;1;1;0,125;7;1;2015
JOURNAL OF REHABILITATION RESEARCH AND DEVELOPMENT;1;1;0,067;8;1;2008
JOURNAL OF RESEARCH IN INTERACTIVE MARKETING;1;1;0,333;7;1;2020
JOURNAL OF RESEARCH IN MEDICAL SCIENCES;1;1;0,125;10;1;2015
JOURNAL OF RETAILING;1;1;0,125;28;1;2015
JOURNAL OF RHEOLOGY;1;1;0,111;24;1;2014
JOURNAL OF RISK AND FINANCIAL MANAGEMENT;1;1;0,250;2;1;2019
JOURNAL OF RISK AND INSURANCE;1;1;0,031;3;1;1991
JOURNAL OF SCIENCE AND TECHNOLOGY POLICY MANAGEMENT;1;1;0,200;1;1;2018
JOURNAL OF SEA RESEARCH;1;1;0,050;81;1;2003
JOURNAL OF SERVICES MARKETING;1;1;0,111;21;1;2014
JOURNAL OF SOCIAL ISSUES;1;1;0,063;33;1;2007
JOURNAL OF SOCIO-ECONOMICS;1;1;0,091;11;1;2012
JOURNAL OF SOILS AND SEDIMENTS;1;1;0,500;1;1;2021
JOURNAL OF SPORTS ECONOMICS;1;1;0,100;11;1;2013
JOURNAL OF STORED PRODUCTS RESEARCH;1;1;0,143;6;1;2016
JOURNAL OF SUPERCOMPUTING;1;1;0,100;13;1;2013
JOURNAL OF SYSTEMS AND SOFTWARE;1;1;0,083;10;1;2011
JOURNAL OF SYSTEMS SCIENCE AND SYSTEMS ENGINEERING;1;2;0,143;5;2;2016
JOURNAL OF THE AMERICAN ACADEMY OF CHILD AND ADOLESCENT PSYCHIATRY;1;1;0,042;81;1;1999
JOURNAL OF THE AMERICAN ACADEMY OF DERMATOLOGY;1;1;0,048;26;1;2002
JOURNAL OF THE AMERICAN CHEMICAL SOCIETY;1;1;0,053;25;1;2004
JOURNAL OF THE AMERICAN SOCIETY FOR INFORMATION SCIENCE;1;1;0,040;10;1;1998
JOURNAL OF THE ASSOCIATION FOR INFORMATION SYSTEMS;1;1;0,071;6;1;2009
JOURNAL OF THE BRAZILIAN CHEMICAL SOCIETY;1;1;0,091;2;1;2012
JOURNAL OF THE BRAZILIAN SOCIETY OF MECHANICAL SCIENCES AND ENGINEERING;1;1;0,200;5;1;2018
JOURNAL OF THE CHEMICAL SOCIETY-FARADAY TRANSACTIONS;1;1;0,037;10;1;1996
JOURNAL OF THE ECONOMICS OF AGEING;1;1;0,250;2;1;2019
JOURNAL OF THE EUROPEAN CERAMIC SOCIETY;1;1;0,200;16;1;2018
JOURNAL OF THE KOREAN PHYSICAL SOCIETY;1;1;0,200;4;1;2018
JOURNAL OF THE OPERATIONS RESEARCH SOCIETY OF JAPAN;1;1;0,053;4;1;2004
JOURNAL OF THE OPTICAL SOCIETY OF AMERICA A-OPTICS IMAGE SCIENCE AND VISION;1;1;0,250;3;1;2019
JOURNAL OF THE ROYAL STATISTICAL SOCIETY SERIES C-APPLIED STATISTICS;1;1;0,091;41;1;2012
JOURNAL OF THE TAIWAN INSTITUTE OF CHEMICAL ENGINEERS;1;1;0,111;12;1;2014
JOURNAL OF THE TURKISH-GERMAN GYNECOLOGICAL ASSOCIATION;1;1;0,333;1;1;2020
JOURNAL OF THEORETICAL & COMPUTATIONAL CHEMISTRY;1;1;0,071;8;1;2009
JOURNAL OF THEORETICAL POLITICS;1;1;0,083;2;1;2011
JOURNAL OF THORACIC AND CARDIOVASCULAR SURGERY;1;1;0,045;14;1;2001
JOURNAL OF TOXICOLOGY-CLINICAL TOXICOLOGY;1;1;0,038;22;1;1997
JOURNAL OF TRANSPORT ECONOMICS AND POLICY;1;1;0,125;15;1;2015
JOURNAL OF TRANSPORT GEOGRAPHY;1;1;0,083;65;1;2011
JOURNAL OF TRAUMA-INJURY INFECTION AND CRITICAL CARE;1;1;0,059;24;1;2006
JOURNAL OF TROPICAL PEDIATRICS;1;1;0,036;8;1;1995
JOURNAL OF VACUUM SCIENCE & TECHNOLOGY B;1;1;0,100;20;1;2013
JOURNAL OF VETERINARY DIAGNOSTIC INVESTIGATION;1;1;0,077;42;1;2010
JOURNAL OF VIROLOGY;1;1;0,045;40;1;2001
JOURNAL OF WATER AND HEALTH;1;1;0,071;5;1;2009
JOURNAL OF WATERWAY PORT COASTAL AND OCEAN ENGINEERING;1;1;0,125;1;1;2015
JOURNAL OF WILDLIFE MANAGEMENT;1;1;0,167;7;1;2017
JOURNAL OF WIND ENGINEERING AND INDUSTRIAL AERODYNAMICS;1;1;0,050;123;1;2003
JOURNAL OF ZHEJIANG UNIVERSITY-SCIENCE C-COMPUTERS & ELECTRONICS;1;1;0,091;1;1;2012
JOURNAL ON MULTIMODAL USER INTERFACES;1;1;0,250;3;1;2019
JUDGMENT AND DECISION MAKING;1;1;0,077;5;1;2010
JURNAL KEJURUTERAAN;1;1;0,500;2;1;2021
KNOWLEDGE AND INFORMATION SYSTEMS;1;1;0,125;33;1;2015
KNOWLEDGE ENGINEERING REVIEW;1;1;0,056;6;1;2005
KOLNER ZEITSCHRIFT FUR SOZIOLOGIE UND SOZIALPSYCHOLOGIE;1;1;0,111;10;1;2014
KSII TRANSACTIONS ON INTERNET AND INFORMATION SYSTEMS;1;1;0,200;3;2;2018
KUNSTLICHE INTELLIGENZ;1;1;0,500;2;1;2021
KYBERNETIKA;1;1;0,200;1;1;2018
LAB ON A CHIP;1;1;0,125;15;1;2015
LABORATORY ANIMAL SCIENCE;1;1;0,040;16;1;1998
LABORATORY INVESTIGATION;1;1;0,063;47;1;2007
LABORATORY PHONOLOGY;1;1;0,111;10;1;2014
LABOUR ECONOMICS;1;1;0,091;8;1;2012
LAKE AND RESERVOIR MANAGEMENT;1;1;0,091;3;1;2012
LANCET HIV;1;1;0,167;51;1;2017
LANCET PUBLIC HEALTH;1;1;0,500;26;1;2021
LANDBAUFORSCHUNG VOLKENRODE;1;1;0,034;2;1;1994
LETTERS IN DRUG DESIGN & DISCOVERY;1;1;0,167;4;1;2017
LIEBIGS ANNALEN;1;1;0,036;13;1;1995
LIFE SCIENCES;1;1;0,038;46;1;1997
LIFE SCIENCES IN SPACE RESEARCH;1;1;0,333;6;1;2020
LINGUA;1;1;0,077;42;1;2010
LOGIC JOURNAL OF THE IGPL;1;1;0,091;1;1;2012
M&SOM-MANUFACTURING & SERVICE OPERATIONS MANAGEMENT;1;1;0,111;16;1;2014
MACROMOLECULAR CHEMISTRY AND PHYSICS;1;1;0,038;3;1;1997
MACROMOLECULAR REACTION ENGINEERING;1;1;0,167;1;1;2017
MAGAZINE OF CONCRETE RESEARCH;1;1;0,333;4;1;2020
MAGNETIC RESONANCE IMAGING;1;1;0,050;36;1;2003
MAGNETIC RESONANCE IN MEDICINE;1;1;0,045;133;1;2001
MALARIA JOURNAL;1;1;0,167;11;1;2017
MANAGEMENT DECISION;1;2;0,143;5;2;2016
MARITIME ECONOMICS & LOGISTICS;1;1;0,333;4;1;2020
MARKETING AND MANAGEMENT OF INNOVATIONS;1;1;0,167;1;1;2017
MATERIALS;1;1;0,250;5;1;2019
MATERIALS AND STRUCTURES;1;1;0,042;7;1;1999
MATERIALS SCIENCE & ENGINEERING C-BIOMIMETIC AND SUPRAMOLECULAR SYSTEMS;1;1;0,036;9;1;1995
MATERIALWISSENSCHAFT UND WERKSTOFFTECHNIK;1;1;0,077;9;1;2010
MATHEMATICAL BIOSCIENCES AND ENGINEERING;1;2;0,167;5;3;2017
MATHEMATICAL FINANCE;1;1;0,056;29;1;2005
MATHEMATICAL METHODS IN THE APPLIED SCIENCES;1;1;0,200;5;1;2018
MATHEMATICS IN ENGINEERING;1;1;0,500;2;1;2021
MECHANICS OF MATERIALS;1;1;0,167;4;1;2017
MECHANICS RESEARCH COMMUNICATIONS;1;1;0,077;1;1;2010
MEDICINE HEALTH CARE AND PHILOSOPHY;1;1;0,111;1;1;2014
METABOLIC BRAIN DISEASE;1;1;0,071;2;1;2009
METALLURGICAL AND MATERIALS TRANSACTIONS A-PHYSICAL METALLURGY AND MATERIALS SCIENCE;1;1;0,077;18;1;2010
METALLURGICAL AND MATERIALS TRANSACTIONS B-PROCESS METALLURGY AND MATERIALS PROCESSING SCIENCE;1;1;0,200;11;1;2018
METALLURGICAL RESEARCH & TECHNOLOGY;1;1;0,250;1;1;2019
METALS;1;1;0,333;3;1;2020
METEOROLOGY AND ATMOSPHERIC PHYSICS;1;1;0,033;7;1;1993
METHODOLOGY-EUROPEAN JOURNAL OF RESEARCH METHODS FOR THE BEHAVIORAL AND SOCIAL SCIENCES;1;1;0,167;10;1;2017
METHODS;1;1;0,500;4;1;2021
METHODS IN ECOLOGY AND EVOLUTION;1;1;0,167;3;1;2017
MICROBIOLOGY;1;1;0,063;36;1;2007
MICROFLUIDICS AND NANOFLUIDICS;1;1;0,250;4;1;2019
MICROORGANISMS;1;1;0,250;4;1;2019
MICROPOROUS AND MESOPOROUS MATERIALS;1;1;0,053;53;1;2004
MICROPROCESSORS AND MICROSYSTEMS;1;1;0,500;1;1;2021
MICROSCOPY RESEARCH AND TECHNIQUE;1;1;0,200;4;1;2018
MIKROBIYOLOJI BULTENI;1;1;0,333;1;1;2020
MILITARY OPERATIONS RESEARCH;1;1;0,050;1;1;2003
MIND & LANGUAGE;1;1;0,050;53;1;2003
MODERN PHYSICS LETTERS B;1;2;0,100;19;2;2013
MOLECULAR AND CELLULAR PROBES;1;1;0,053;28;1;2004
MOLECULAR CANCER THERAPEUTICS;1;1;0,056;13;1;2005
MOLECULES;1;1;0,200;9;1;2018
MONATSHEFTE FUR CHEMIE;1;1;0,091;8;1;2012
MOVEMENT DISORDERS;1;1;0,083;18;1;2011
MUTATION RESEARCH LETTERS;1;1;0,034;29;1;1994
NANKAI BUSINESS REVIEW INTERNATIONAL;1;1;0,250;2;1;2019
NANO RESEARCH;1;1;0,500;16;1;2021
NATURAL COMPUTING;1;1;0,167;18;1;2017
NATURAL HAZARDS REVIEW;1;1;0,083;4;1;2011
NATURE HUMAN BEHAVIOUR;1;1;0,333;23;1;2020
NATURE PHYSICS;1;1;0,125;95;1;2015
NETWORKS & SPATIAL ECONOMICS;1;1;0,200;14;1;2018
NEUROBIOLOGY OF LEARNING AND MEMORY;1;1;0,143;13;1;2016
NEUROENDOCRINOLOGY LETTERS;1;1;0,200;5;1;2018
NEUROETHICS;1;1;0,167;2;1;2017
NEUROGASTROENTEROLOGY AND MOTILITY;1;1;0,167;4;1;2017
NEUROPEPTIDES;1;1;0,167;28;1;2017
NEUROPHARMACOLOGY;1;1;0,037;37;1;1996
NEUROQUANTOLOGY;1;1;0,125;3;1;2015
NEUROSCIENCES;1;1;0,067;1;1;2008
NEW MICROBIOLOGICA;1;1;0,083;31;1;2011
NONLINEAR ANALYSIS-HYBRID SYSTEMS;1;2;0,333;36;2;2020
NONLINEAR ANALYSIS-MODELLING AND CONTROL;1;1;0,091;6;1;2012
NONLINEAR DYNAMICS PSYCHOLOGY AND LIFE SCIENCES;1;1;0,100;7;1;2013
NONLINEARITY;1;1;0,100;6;1;2013
NORTH AMERICAN JOURNAL OF ECONOMICS AND FINANCE;1;1;0,333;2;1;2020
NPJ SYSTEMS BIOLOGY AND APPLICATIONS;1;1;0,333;18;1;2020
NUCLEAR ENGINEERING AND DESIGN;1;1;0,091;16;1;2012
NUCLEAR MEDICINE COMMUNICATIONS;1;1;0,032;9;1;1992
NUMERICAL METHODS FOR PARTIAL DIFFERENTIAL EQUATIONS;1;1;0,500;23;1;2021
NUTRIENTS;1;1;0,500;1;1;2021
NUTRITION METABOLISM AND CARDIOVASCULAR DISEASES;1;1;0,040;1;1;1998
OBRAZOVANIE I NAUKA-EDUCATION AND SCIENCE;1;1;0,200;2;1;2018
OIKOS;1;1;0,167;23;1;2017
OIL & GAS SCIENCE AND TECHNOLOGY-REVUE D IFP ENERGIES NOUVELLES;1;1;0,100;1;1;2013
ONCOLOGIST;1;1;0,333;3;1;2020
ONCOLOGY LETTERS;1;1;0,167;1;1;2017
OPEN CHEMISTRY;1;1;0,200;8;1;2018
OPEN ECONOMIES REVIEW;1;1;0,091;2;1;2012
OPERATIVE DENTISTRY;1;1;0,143;9;1;2016
OPTIK;1;1;0,500;1;1;2021
OPTIMAL CONTROL APPLICATIONS & METHODS;1;1;0,071;4;1;2009
ORGANIC & BIOMOLECULAR CHEMISTRY;1;1;0,063;30;1;2007
ORGANIZACIJA;1;1;0,200;3;1;2018
ORGANIZATIONAL BEHAVIOR AND HUMAN DECISION PROCESSES;1;2;0,037;15;2;1996
ORGANIZATIONAL PSYCHOLOGY REVIEW;1;1;0,125;23;1;2015
PAIN MEDICINE;1;1;0,200;5;1;2018
PAIN PHYSICIAN;1;1;0,143;28;1;2016
PAKISTAN JOURNAL OF PHARMACEUTICAL SCIENCES;1;2;0,111;7;2;2014
PAKISTAN JOURNAL OF ZOOLOGY;1;1;0,200;6;1;2018
PARALLEL COMPUTING;1;1;0,143;7;1;2016
PARASITE IMMUNOLOGY;1;1;0,091;14;1;2012
PARASITES & VECTORS;1;1;0,250;4;1;2019
PARASITOLOGY RESEARCH;1;1;0,091;11;1;2012
PATHOLOGY INTERNATIONAL;1;1;0,036;11;1;1995
PATTERN RECOGNITION;1;1;0,125;11;1;2015
PATTERN RECOGNITION LETTERS;1;1;0,111;35;1;2014
PEDIATRIC BLOOD & CANCER;1;1;0,250;1;1;2019
PEDIATRIC DIABETES;1;1;0,333;2;1;2020
PEDIATRICS;1;1;0,250;10;1;2019
PEER-TO-PEER NETWORKING AND APPLICATIONS;1;1;0,091;7;1;2012
PERCEPTUAL AND MOTOR SKILLS;1;1;0,037;7;1;1996
PERFILES LATINOAMERICANOS;1;1;0,077;2;1;2010
PERIODICA POLYTECHNICA-CIVIL ENGINEERING;1;1;0,100;33;1;2013
PERIODICUM BIOLOGORUM;1;1;0,040;8;1;1998
PERITONEAL DIALYSIS INTERNATIONAL;1;1;0,042;7;1;1999
PERSONALITY AND INDIVIDUAL DIFFERENCES;1;1;0,091;15;1;2012
PERSPECTIVES IN PUBLIC HEALTH;1;1;0,091;17;1;2012
PETROLEUM SCIENCE AND TECHNOLOGY;1;1;0,167;8;1;2017
PHARMACY & PHARMACOLOGY-FARMATSIYA I FARMAKOLOGIYA;1;1;0,167;1;1;2017
PHARMAZIE;1;1;0,143;1;1;2016
PHILOSOPHIA;1;1;0,091;9;1;2012
PHILOSOPHICAL EXPLORATIONS;1;1;0,083;4;1;2011
PHILOSOPHICAL STUDIES;1;1;0,333;1;1;2020
PHILOSOPHICAL TRANSACTIONS OF THE ROYAL SOCIETY A-MATHEMATICAL PHYSICAL AND ENGINEERING SCIENCES;1;1;0,500;1;1;2021
PHILOSOPHY OF THE SOCIAL SCIENCES;1;1;0,200;14;1;2018
PHYSICA SCRIPTA;1;1;0,250;5;1;2019
PHYSICAL REVIEW FLUIDS;1;1;0,200;10;1;2018
PHYSICAL REVIEW RESEARCH;1;1;0,333;3;1;2020
PHYSICS AND CHEMISTRY OF THE EARTH;1;1;0,100;8;1;2013
PHYTOTHERAPY RESEARCH;1;1;0,111;103;1;2014
PLANT PATHOLOGY;1;1;0,333;1;1;2020
PLANTA MEDICA;1;1;0,063;14;1;2007
PLASTIC AND RECONSTRUCTIVE SURGERY;1;1;0,040;32;1;1998
PLOS NEGLECTED TROPICAL DISEASES;1;2;0,250;15;2;2019
POLITICS PHILOSOPHY & ECONOMICS;1;1;0,111;19;1;2014
POLYHEDRON;1;1;0,063;38;1;2007
POLYMER BULLETIN;1;2;0,143;6;2;2016
POLYMER COMPOSITES;1;1;0,056;8;1;2005
POLYMER REACTION ENGINEERING;1;1;0,037;44;1;1996
POPULATION AND ENVIRONMENT;1;1;0,143;32;1;2016
POST-COMMUNIST ECONOMIES;1;1;0,500;1;1;2021
POULTRY SCIENCE;1;1;0,031;20;1;1991
PRESENCE-TELEOPERATORS AND VIRTUAL ENVIRONMENTS;1;1;0,167;2;1;2017
PROBABILITY IN THE ENGINEERING AND INFORMATIONAL SCIENCES;1;1;0,111;3;1;2014
PROCEEDINGS OF THE COMBUSTION INSTITUTE;1;1;0,083;8;1;2011
PROCEEDINGS OF THE INSTITUTION OF CIVIL ENGINEERS-ENGINEERING SUSTAINABILITY;1;1;0,500;1;1;2021
PROCEEDINGS OF THE INSTITUTION OF MECHANICAL ENGINEERS PART D-JOURNAL OF AUTOMOBILE ENGINEERING;1;1;0,250;1;1;2019
PROCEEDINGS OF THE ROYAL SOCIETY A-MATHEMATICAL PHYSICAL AND ENGINEERING SCIENCES;1;1;0,250;25;1;2019
PROCESSES;1;1;0,333;2;1;2020
PRODUCTION PLANNING & CONTROL;1;1;0,045;109;1;2001
PROGRAMMING AND COMPUTER SOFTWARE;1;1;0,200;1;1;2018
PROGRESS IN PLANNING;1;1;0,143;8;1;2016
PROPELLANTS EXPLOSIVES PYROTECHNICS;1;1;0,125;22;1;2015
PSYCHOLOGICAL MEDICINE;1;1;0,037;24;1;1996
PSYCHOLOGICAL REVIEW;1;1;0,500;1;1;2021
PSYCHOLOGY IN RUSSIA-STATE OF THE ART;1;1;0,167;7;1;2017
PSYCHOMETRIKA;1;1;0,038;2;1;1997
PSYCHONEUROENDOCRINOLOGY;1;1;0,037;30;1;1996
QME-QUANTITATIVE MARKETING AND ECONOMICS;1;2;0,100;12;2;2013
QUALITY & QUANTITY;1;1;0,111;1;1;2014
QUARTERLY JOURNAL OF EXPERIMENTAL PSYCHOLOGY;1;1;0,500;2;1;2021
QUARTERLY JOURNAL OF THE ROYAL METEOROLOGICAL SOCIETY;1;1;0,040;13;1;1998
RADIATION RESEARCH;1;1;0,056;43;1;2005
RARE METALS;1;1;0,083;3;1;2011
RATIONALITY AND SOCIETY;1;1;0,125;3;1;2015
REACTION CHEMISTRY & ENGINEERING;1;1;0,333;2;1;2020
REACTIVE POLYMERS;1;1;0,032;21;1;1992
REGIONAL ANESTHESIA AND PAIN MEDICINE;1;1;0,083;5;1;2011
REGIONAL SCIENCE AND URBAN ECONOMICS;1;1;0,200;2;1;2018
RELIABILITY ENGINEERING & SYSTEM SAFETY;1;1;0,111;24;1;2014
REMOTE SENSING;1;1;0,500;1;1;2021
RENEWABLE ENERGY;1;1;0,500;1;1;2021
RESEARCH IN PHARMACEUTICAL SCIENCES;1;1;0,333;4;1;2020
RESEARCH IN SOCIAL & ADMINISTRATIVE PHARMACY;1;1;0,091;6;1;2012
RESEARCH JOURNAL OF PHARMACEUTICAL BIOLOGICAL AND CHEMICAL SCIENCES;1;1;0,167;1;1;2017
RESOURCES CONSERVATION AND RECYCLING;1;1;0,500;6;1;2021
RETINA-THE JOURNAL OF RETINAL AND VITREOUS DISEASES;1;1;0,040;27;1;1998
REVIEW OF BEHAVIORAL FINANCE;1;1;0,200;2;1;2018
REVIEW OF ECONOMIC DYNAMICS;1;1;0,111;2;1;2014
REVIEW OF GENERAL PSYCHOLOGY;1;1;0,125;44;1;2015
REVIEW OF PACIFIC BASIN FINANCIAL MARKETS AND POLICIES;1;1;0,167;5;1;2017
REVIEWS IN MEDICAL MICROBIOLOGY;1;1;0,500;2;1;2021
REVISTA BRASILEIRA DE ANESTESIOLOGIA;1;1;0,250;2;1;2019
REVISTA DE CHIMIE;1;1;0,100;2;1;2013
REVISTA LATINOAMERICANA DE PSICOLOGIA;1;1;0,143;1;1;2016
REVISTA MEXICANA DE INGENIERIA QUIMICA;1;1;0,067;1;1;2008
REVUE ROUMAINE DE CHIMIE;1;1;0,063;9;1;2007
RISK MANAGEMENT-AN INTERNATIONAL JOURNAL;1;1;0,125;4;1;2015
ROBOTICA;1;1;0,200;2;1;2018
ROBOTICS AND COMPUTER-INTEGRATED MANUFACTURING;1;1;0,250;5;1;2019
ROCK AND SOIL MECHANICS;1;1;0,167;2;1;2017
ROCK MECHANICS AND ROCK ENGINEERING;1;1;0,250;5;1;2019
ROFO-FORTSCHRITTE AUF DEM GEBIET DER RONTGENSTRAHLEN UND DER BILDGEBENDEN VERFAHREN;1;1;0,077;9;1;2010
ROMANIAN JOURNAL OF MORPHOLOGY AND EMBRYOLOGY;1;1;0,083;7;1;2011
RUSSIAN PHYSICS JOURNAL;1;1;0,200;3;1;2018
SAFETY;1;1;0,250;3;2;2019
SAGE OPEN;1;1;0,250;2;1;2019
SALUD MENTAL;1;1;0,048;6;1;2002
SAR AND QSAR IN ENVIRONMENTAL RESEARCH;1;1;0,333;2;1;2020
SCIENCE ADVANCES;1;1;0,333;5;1;2020
SCIENCE CHINA-EARTH SCIENCES;1;1;0,200;20;1;2018
SCIENCE EDUCATION;1;1;0,167;14;1;2017
SCIENCE IN CHINA SERIES E-TECHNOLOGICAL SCIENCES;1;1;0,045;4;1;2001
SCIENCE IN CHINA SERIES F-INFORMATION SCIENCES;1;1;0,071;78;1;2009
SCIENCE OF COMPUTER PROGRAMMING;1;1;0,125;2;1;2015
SCIENTIA IRANICA;1;1;0,250;3;1;2019
SCIENTIFIC ANNALS OF ECONOMICS AND BUSINESS;1;1;0,200;1;1;2018
SECULARISM & NONRELIGION;1;1;0,500;2;2;2021
SEPARATION SCIENCE AND TECHNOLOGY;1;1;0,077;10;1;2010
SEPARATIONS;1;1;0,333;1;1;2020
SIMULATION;1;1;0,042;1;1;1999
SMALL GROUP RESEARCH;1;1;0,200;7;1;2018
SMART CITIES;1;1;0,333;7;1;2020
SMART MATERIALS AND STRUCTURES;1;1;0,125;8;1;2015
SOCIAL COGNITIVE AND AFFECTIVE NEUROSCIENCE;1;1;0,143;15;1;2016
SOCIAL INDICATORS RESEARCH;1;1;0,111;11;1;2014
SOCIAL JUSTICE RESEARCH;1;1;0,250;5;1;2019
SOCIAL NETWORK ANALYSIS AND MINING;1;1;0,333;1;1;2020
SOCIAL PSYCHOLOGICAL AND PERSONALITY SCIENCE;1;1;0,167;41;1;2017
SOCIAL PSYCHOLOGY QUARTERLY;1;1;0,333;1;1;2020
SOCIAL SCIENCE QUARTERLY;1;1;0,111;4;1;2014
SOCIAL SCIENCE RESEARCH;1;1;0,091;11;1;2012
SOCIAL WORK EDUCATION;1;1;0,333;3;1;2020
SOCIOLOGICAL THEORY AND METHODS;1;1;0,042;2;2;1999
SOCIOLOGY OF EDUCATION;1;1;0,071;3;1;2009
SOCIOLOGY-THE JOURNAL OF THE BRITISH SOCIOLOGICAL ASSOCIATION;1;1;0,048;7;1;2002
SOFT COMPUTING;1;1;0,500;2;1;2021
SOFT MATERIALS;1;1;0,063;10;1;2007
SOFTWARE ENGINEERING FOR MULTI-AGENT SYSTEMS III: RESEARCH ISSUES AND PRACTICAL APPLICATIONS;1;1;0,053;4;1;2004
SOLAR ENERGY MATERIALS AND SOLAR CELLS;1;1;0,333;12;1;2020
SOLVENT EXTRACTION AND ION EXCHANGE;1;1;0,040;19;1;1998
SOUTH AFRICAN JOURNAL OF INDUSTRIAL ENGINEERING;1;1;0,333;1;1;2020
SOZIALE WELT-ZEITSCHRIFT FUR SOZIALWISSENSCHAFTLICHE FORSCHUNG UND PRAXIS;1;1;0,111;3;1;2014
SPANISH JOURNAL OF PSYCHOLOGY;1;1;0,056;5;1;2005
SPE PRODUCTION & OPERATIONS;1;1;0,125;6;1;2015
SPE RESERVOIR EVALUATION & ENGINEERING;1;1;0,077;8;1;2010
SPINAL CORD;1;1;0,091;41;1;2012
SPINE;1;1;0,091;17;1;2012
SPINE JOURNAL;1;1;0,500;1;1;2021
SPRINGERPLUS;1;1;0,111;2;1;2014
STATISTICS IN BIOPHARMACEUTICAL RESEARCH;1;1;0,143;19;1;2016
STEEL RESEARCH INTERNATIONAL;1;1;0,111;17;1;2014
STOCHASTIC ENVIRONMENTAL RESEARCH AND RISK ASSESSMENT;1;1;0,167;21;1;2017
STRAHLENTHERAPIE UND ONKOLOGIE;1;1;0,040;17;1;1998
STRATEGIC MANAGEMENT JOURNAL;1;1;0,050;65;1;2003
STRENGTH OF MATERIALS;1;1;0,333;2;1;2020
STRUCTURAL CONTROL & HEALTH MONITORING;1;1;0,250;7;1;2019
STRUCTURAL HEALTH MONITORING-AN INTERNATIONAL JOURNAL;1;1;0,500;3;1;2021
STUDIES IN ECONOMICS AND FINANCE;1;1;0,200;7;1;2018
STUDIES IN HISTORY AND PHILOSOPHY OF SCIENCE;1;1;0,250;4;1;2019
STUDIES IN SYMBOLIC INTERACTION; VOL 26;1;1;0,050;1;1;2003
SUSTAINABILITY SCIENCE;1;1;0,250;16;1;2019
SUSTAINABLE CITIES AND SOCIETY;1;1;0,500;5;1;2021
SYSTEM DYNAMICS REVIEW;1;1;0,077;43;1;2010
TAPPI JOURNAL;1;1;0,125;5;1;2015
TECHNOLOGICAL AND ECONOMIC DEVELOPMENT OF ECONOMY;1;2;0,111;8;2;2014
TECHNOLOGIES;1;1;0,167;2;1;2017
TEHNICKI VJESNIK-TECHNICAL GAZETTE;1;1;0,333;4;1;2020
TELECOMMUNICATION SYSTEMS;1;1;0,071;2;1;2009
TERATOGENESIS CARCINOGENESIS AND MUTAGENESIS;1;1;0,042;7;1;1999
THEORETICAL BIOLOGY AND MEDICAL MODELLING;1;1;0,167;2;1;2017
THEORETICAL BIOLOGY FORUM;1;1;0,111;1;1;2014
THEORETICAL COMPUTER SCIENCE;1;1;0,167;2;1;2017
THEORETICAL ECOLOGY;1;1;0,143;22;1;2016
THEORETICAL FOUNDATIONS OF CHEMICAL ENGINEERING;1;1;0,250;1;1;2019
THEORY CULTURE & SOCIETY;1;1;0,053;81;1;2004
THERIOGENOLOGY;1;1;0,125;10;1;2015
THIN SOLID FILMS;1;1;0,091;5;1;2012
TICKS AND TICK-BORNE DISEASES;1;1;0,500;3;1;2021
TOXICOLOGIC PATHOLOGY;1;1;0,043;46;1;2000
TOXICOLOGICAL SCIENCES;1;1;0,077;40;1;2010
TOXICOLOGY AND INDUSTRIAL HEALTH;1;1;0,067;8;1;2008
TRANSACTIONS OF NONFERROUS METALS SOCIETY OF CHINA;1;1;0,091;9;1;2012
TRANSACTIONS OF THE AMERICAN FISHERIES SOCIETY;1;1;0,048;17;1;2002
TRANSACTIONS OF THE ASSOCIATION FOR COMPUTATIONAL LINGUISTICS;1;1;0,250;3;1;2019
TRANSBOUNDARY AND EMERGING DISEASES;1;1;0,111;3;1;2014
TRANSLATIONAL STROKE RESEARCH;1;1;0,143;24;1;2016
TRANSLATIONAL VISION SCIENCE & TECHNOLOGY;1;1;0,333;2;1;2020
TRANSPLANTATION PROCEEDINGS;1;1;0,059;20;1;2006
TRANSPORT;1;1;0,111;5;1;2014
TRANSPORTATION;1;1;0,091;12;1;2012
TRANSPORTATION RESEARCH PART B-METHODOLOGICAL;1;1;0,167;21;1;2017
TRANSPORTATION RESEARCH PART D-TRANSPORT AND ENVIRONMENT;1;1;0,333;1;1;2020
TRANSPORTATION RESEARCH PART F-TRAFFIC PSYCHOLOGY AND BEHAVIOUR;1;1;0,333;10;1;2020
TRANSPORTATION SCIENCE;1;1;0,083;2;1;2011
TRANSPORTMETRICA A-TRANSPORT SCIENCE;1;1;0,167;8;1;2017
TRENDS IN ORGANIZED CRIME;1;1;0,167;5;1;2017
TURKISH NEUROSURGERY;1;1;0,071;11;1;2009
ULUSAL TRAVMA VE ACIL CERRAHI DERGISI-TURKISH JOURNAL OF TRAUMA & EMERGENCY SURGERY;1;1;0,143;5;1;2016
UNMANNED SYSTEMS;1;1;0,200;1;1;2018
URBAN RAIL TRANSIT;1;1;0,200;3;1;2018
UROLOGY;1;1;0,056;17;1;2005
VEGETATION HISTORY AND ARCHAEOBOTANY;1;1;0,143;10;1;2016
VEHICLE SYSTEM DYNAMICS;1;1;0,333;5;1;2020
VESTNIK SANKT-PETERBURGSKOGO UNIVERSITETA SERIYA 10 PRIKLADNAYA MATEMATIKA INFORMATIKA PROTSESSY UPRAVLENIYA;1;1;0,250;8;1;2019
VETERINARNI MEDICINA;1;1;0,100;5;1;2013
VETERINARY JOURNAL;1;1;0,048;56;1;2002
VETERINARY MICROBIOLOGY;1;1;0,040;15;1;1998
VETERINARY RADIOLOGY & ULTRASOUND;1;1;0,083;1;1;2011
VETERINARY RESEARCH;1;1;0,063;8;1;2007
VETERINARY SURGERY;1;1;0,250;5;1;2019
VIETNAM JOURNAL OF COMPUTER SCIENCE;1;1;0,250;4;1;2019
VISUAL COMPUTER;1;1;0,500;2;1;2021
VOJNOSANITETSKI PREGLED;1;1;0,333;1;1;2020
WATER SCIENCE AND TECHNOLOGY;1;1;0,083;6;1;2011
WEAR;1;1;0,200;10;1;2018
WEB INTELLIGENCE;1;1;0,250;1;1;2019
WILEY INTERDISCIPLINARY REVIEWS-CLIMATE CHANGE;1;1;0,077;25;1;2010
WILEY INTERDISCIPLINARY REVIEWS-COGNITIVE SCIENCE;1;1;0,125;35;1;2015
WIRELESS COMMUNICATIONS & MOBILE COMPUTING;1;1;0,077;6;1;2010
WORLD ECONOMY;1;1;0,100;12;1;2013
WOUND REPAIR AND REGENERATION;1;1;0,077;14;1;2010
YONSEI MEDICAL JOURNAL;1;1;0,043;14;1;2000
ZEITSCHRIFT FUR ANGEWANDTE MATHEMATIK UND PHYSIK;1;1;0,100;8;1;2013
ZEITSCHRIFT FUR SOZIOLOGIE;1;1;0,043;6;1;2000
ZHURNAL NEVROPATOLOGII I PSIKHIATRII IMENI S S KORSAKOVA;1;1;0,036;2;1;1995
ZOOLOGICHESKY ZHURNAL;1;1;0,200;2;1;2018
