"AU","AF","CR","AB","AR","BA","BE","BF","BN","BP","BS","C1","CA","CL","CT","CY","D2","DA","DE","DI","DT","EA","EF","EFF","EI","EM","EP","ER","FU","FX","GA","GP","HO","ID","IS","J9","JI","LA","NR","OA","OI","PA","PD","PG","PI","PM","PN","PT","PU","PY","RI","RP","SC","SE","SI","SN","SO","SP","SU","TC","TI","U1","U2","UT","VL","WC","Z9","DB","AU_UN","AU1_UN","AU_UN_NR","SR_FULL","SR"
"CHEN WC;GAO CZ;YANG RJ","CHEN, WUN-CHING;GAO, CHENG-ZE;YANG, RUEY-JEN","BURKART J, 2004, SEMIN DIALYSIS, V17, P498, DOI 10.1111/J.0894-0959.2004.17610.X;DAVIES SJ, 2001, J AM SOC NEPHROL, V12, P1046, DOI 10.1681/ASN.V12510","ICODEXTRIN (ICO) HAS BETTER BIOCOMPATIBILITY AND AN IMPROVED ULTRAFILTRATION PROFILE IN LONG-DWELL PERITONEAL DIALYSIS COMPARED TO THOSE OF GLUCOSE. H","","","","","","583","","NATL CHENG KUNG UNIV, DEPT ENGN SCI, TAINAN 701, TAIWAN.;","","","","","","2021-08-04","THREE-PORE MODEL; PERITONEAL DIALYSIS; ICODEXTRIN; ULTRAFILTRATION","10.5405/jmbe.1353","ARTICLE","","","","2199-4757","RJYANG@MAIL.NCKU.EDU.TW","589","","PROJECT OF PROMOTING NCKU TO A WORLD-CLASS UNIVERSITY","THIS STUDY WAS SUPPORTED BY THE PROJECT OF PROMOTING NCKU TO A WORLD-CLASS UNIVERSITY","286VH","","","COMPUTER-SIMULATIONS; SOLUTE TRANSPORT; FLUID TRANSPORT; MEMBRANE; GLUCOSE; DWELL","6","J MED BIOL ENG","J. MED. BIOL. ENG.","ENGLISH","26","","YANG, RUEY-JEN/0000-0002-1958-0389","TIERGARTENSTRASSE 17, D-69121 HEIDELBERG, GERMANY","","7","HEIDELBERG","","","J","SPRINGER HEIDELBERG","2013","YANG, RUEY-JEN/A-1122-2009","YANG, RJ (CORRESPONDING AUTHOR), NATL CHENG KUNG UNIV, DEPT ENGN SCI, TAINAN 701, TAIWAN.","ENGINEERING","","","1609-0985","JOURNAL OF MEDICAL AND BIOLOGICAL ENGINEERING","","","0","NUMERICAL INVESTIGATION OF ULTRAFILTRATION PROFILES IN PERITONEAL DIALYSIS WITH RESIDUAL ICODEXTRIN IN BLOOD","0","2","WOS:000329496500008","33","ENGINEERING, BIOMEDICAL","0","ISI","NATL CHENG KUNG UNIV","NATL CHENG KUNG UNIV","","CHEN WC, 2013, J MED BIOL ENG","CHEN WC, 2013, J MED BIOL ENG"
"KAVEH A;GHAZAAN MI;BAKHSHPOORI T","KAVEH, ALI;GHAZAAN, MAJID ILCHI;BAKHSHPOORI, TAHA","AISC AMERICAN INSTITUTE OF STEEL CONSTRUCTION, 1989, MAN STEEL CONSTR ALL;CAMP CV, 2007, J STRUCT ENG-ASCE, V133, P999, DOI 10.1061/(ASCE)0733-9445(20","THE RAY OPTIMIZATION ALGORITHM IS A RECENTLY DEVELOPED META-HEURISTIC ALGORITHM WHICH WAS CONCEPTUALIZED USING THE RELATIONSHIP BETWEEN THE ANGLES OF","","","","","","97","","IRAN UNIV SCI & TECHNOL, CTR EXCELLENCE FUNDAMENTAL STUDIES STRUCT ENGN, TEHRAN, IRAN.;","","","","","","2021-08-04","MODIFIED RAY OPTIMIZATION; SNELL'S REFRACTION LAW; OPTIMAL DESIGN; TRUSS STRUCTURES; LOCAL BEST MEMORY","10.3311/PPci.7166","ARTICLE","","","","","ALIKAVEH@IUST.AC.IR","112","","IRAN NATIONAL SCIENCE FOUNDATIONIRAN NATIONAL SCIENCE FOUNDATION (INSF)","THE FIRST AUTHOR IS GRATEFUL TO THE IRAN NATIONAL SCIENCE FOUNDATION FOR THE SUPPORT.","278UO","","","","2","PERIOD POLYTECH-CIV","PERIOD. POLYTECH.-CIV. ENG.","ENGLISH","16","GOLD","BAKHSHPOORI, TAHA/0000-0002-5955-5495;","PERIODICA POLYTECHNICA CIVIL ENGINEERING, BUDAPEST, 1521, HUNGARY","","16","BUDAPEST","","","J","BUDAPEST UNIV TECHNOLOGY ECONOMICS","2013","GAZAAN, MAJID ILCHI/O-4538-2019; BAKHSHPOORI, TAHA/AAA-4113-2021; KAVEH, ALI/T-5567-2018","KAVEH, A (CORRESPONDING AUTHOR), IRAN UNIV SCI & TECHNOL, CTR EXCELLENCE FUNDAMENTAL STUDIES STRUCT ENGN, POB 16846-13114, TEHRAN, IRAN.","ENGINEERING","","","0553-6626","PERIODICA POLYTECHNICA-CIVIL ENGINEERING","","","32","AN IMPROVED RAY OPTIMIZATION ALGORITHM FOR DESIGN OF TRUSS STRUCTURES","0","2","WOS:000328915600001","57","ENGINEERING, CIVIL","33","ISI","IRAN UNIV SCI AND TECHNOL","IRAN UNIV SCI AND TECHNOL","","KAVEH A, 2013, PERIOD POLYTECH-CIV","KAVEH A, 2013, PERIOD POLYTECH-CIV"
"BRAMBILLA E;IONESCU A;FADINI L;MAZZONI A;IMAZATO S;PASHLEY D;BRESCHI L;GAGLIANI M","BRAMBILLA, EUGENIO;IONESCU, ANDREI;FADINI, LUIGI;MAZZONI, ANNALISA;IMAZATO, SATOSHI;PASHLEY, DAVID;BRESCHI, LORENZO;GAGLIANI, MASSIMO","BAKHSH TA, 2011, DENT MATER, V27, P915, DOI 10.1016/J.DENTAL.2011.05.003;BERNARDO M, 2007, J AM DENT ASSOC, V138, P775, DOI 10.14219/JADA.ARCHIVE.2007","PURPOSE: TO EVALUATE THE ACTIVITY OF A METHACRYLOYLOXYDODECYLPYRIDINIUM BROMIDE (MDPB)-CONTAINING SELF-ETCHING PRIMER (CLEARFIL PROTECT BOND) AGAINST","","","","","","431","","UNIV MILAN, DEPT MED SURG & DENT SAN PAOLO, I-20142 MILAN, ITALY.;  UNIV TRIESTE, DEPT MED SCI, UNIT DENT SCI & BIOMAT, TRIESTE, ITALY.;  OSAKA UNIV,","","","","","","2021-08-04","DENTIN BONDING AGENTS; MDPB MONOMER; ANTIBACTERIAL AGENTS; BIOFILMS; STREPTOCOCCUS MUTANS","10.3290/j.jad.a28734","ARTICLE","","","","1757-9988","EUGENIO.BRAMBILLA@UNIMI.IT","438","","","","265BR","","","BACTERICIDE-IMMOBILIZED FILLER; ANTIBACTERIAL MONOMER MDPB; RESIN COMPOSITE; SURFACE-PROPERTIES; SECONDARY CARIES; POSTERIOR COMPOSITE; ADHESIVE SYSTE","5","J ADHES DENT","J. ADHES. DENT.","ENGLISH","59","","IONESCU, ANDREI CRISTIAN/0000-0001-9051-4109; BRAMBILLA, EUGENIO/0000-0003-0094-4565; BRESCHI, LORENZO/0000-0001-7621-226X; IMAZATO, SATOSHI/0000-0003","4350 CHANDLER DRIVE, HANOVER PARK, IL 60133 USA","","8","HANOVER PARK","23534020","","J","QUINTESSENCE PUBLISHING CO INC","2013","IONESCU, ANDREI CRISTIAN/J-9475-2019; BRESCHI, LORENZO/AAL-3835-2020","BRAMBILLA, E (CORRESPONDING AUTHOR), UNIV MILAN, DEPT MED SURG & DENT SAN PAOLO, VIA BELDILETTO 1-3, I-20142 MILAN, ITALY.","DENTISTRY, ORAL SURGERY & MEDICINE","","","1461-5185","JOURNAL OF ADHESIVE DENTISTRY","","","19","INFLUENCE OF MDPB-CONTAINING PRIMER ON STREPTOCOCCUS MUTANS BIOFILM FORMATION IN SIMULATED CLASS I RESTORATIONS","1","9","WOS:000327925200005","15","DENTISTRY, ORAL SURGERY & MEDICINE","20","ISI","UNIV MILAN;UNIV TRIESTE;OSAKA UNIV;GEORGIA HLTH SCI UNIV;IGM CNR","UNIV MILAN","","BRAMBILLA E, 2013, J ADHES DENT","BRAMBILLA E, 2013, J ADHES DENT"
"ZHANG K;THOTE T;LENG HJ;GULDBERG R;GE ZG","ZHANG, KUN;THOTE, TANUSHREE;LENG, HUIJIE;GULDBERG, ROBERT;GE, ZIGANG","BHUANANTANONDH P, 2012, J MED BIOL ENG, V32, P12, DOI 10.5405/JMBE.834;CLAASSEN H, 2011, PROG HISTOCHEM CYTO, V45, P239, DOI 10.1016/J.PROGHI.2010.11.","HORMONES, PARTICULARLY ESTROGEN, ARE KNOWN TO PLAY A ROLE IN THE DEVELOPMENT OF OSTEOARTHRITIS (OA). IN RELATION TO THIS, THE IMPACT OF PREGNANCY ON O","","","","","","449","","PEKING UNIV, COLL ENGN, DEPT BIOMED ENGN, BEIJING 100871, PEOPLES R CHINA.;  GEORGIA INST TECHNOL, WALLACE H COULTER DEPT BIOMED ENGN, ATLANTA, GA 303","","","","","","2021-08-04","OSTEOARTHRITIS; PREGNANCY; CARTILAGE; MICROCOMPUTED TOMOGRAPHY (MU CT)","10.5405/jmbe.1493","ARTICLE","","","","2199-4757","GEZ@PKU.EDU.CN","454","","NATIONAL BASIC RESEARCH PROGRAM OF CHINA (973 PROGRAM)NATIONAL BASIC RESEARCH PROGRAM OF CHINA [2012CB619102, 2012CB619100]; NATIONAL NATURAL SCIENCE","THE AUTHORS ACKNOWLEDGE THE SUPPORT FROM THE NATIONAL BASIC RESEARCH PROGRAM OF CHINA (973 PROGRAM) (2012CB619102, 2012CB619100), A NATIONAL NATURAL S","258SB","","","ARTICULAR-CARTILAGE; ESTROGEN; MORPHOLOGY; RABBIT; MICE; SEX","5","J MED BIOL ENG","J. MED. BIOL. ENG.","ENGLISH","27","","GE, ZIGANG/0000-0002-5202-0973; LENG, HUIJIE/0000-0002-4436-061X","TIERGARTENSTRASSE 17, D-69121 HEIDELBERG, GERMANY","","6","HEIDELBERG","","","J","SPRINGER HEIDELBERG","2013","GE, ZIGANG/E-3576-2010","GE, ZG (CORRESPONDING AUTHOR), PEKING UNIV, COLL ENGN, DEPT BIOMED ENGN, BEIJING 100871, PEOPLES R CHINA.","ENGINEERING","","","1609-0985","JOURNAL OF MEDICAL AND BIOLOGICAL ENGINEERING","","","1","EFFECTS OF PREGNANCY ON PROGRESSION OF OSTEOARTHRITIS INDUCED BY MONOSODIUM IODOACETATE IN RATS","0","9","WOS:000327477900003","33","ENGINEERING, BIOMEDICAL","1","ISI","PEKING UNIV;GEORGIA INST TECHNOL;GEORGIA INST TECHNOL;PEKING UNIV;PEKING UNIV","PEKING UNIV","","ZHANG K, 2013, J MED BIOL ENG","ZHANG K, 2013, J MED BIOL ENG"
"CHEN WC;HUANG WH","CHEN, WEN-CHUAN;HUANG, WEI-HSING","BOHN HL, 1985, SOIL CHEM;DUKHIN S.S., 1974, ELECTROKINETIC PHENO;HUANG WH, 2004, J NUCL SCI TECHNOL, V41, P1271, DOI 10.3327/JNST.41.1271;IAEA, 1994,","THE SWELLING PROPERTIES OF BUFFER MATERIAL FOR HIGH LEVEL RADIOACTIVE WASTE REPOSITORY IN A NEAR-FIELD ENVIRONMENT ARE OF PARTICULAR IMPORTANCE FOR AC","","","","","","42","","ATOM ENERGY COUNCIL, FUEL CYCLE & MAT ADM, YONGHE CITY 23452, TAIPEI COUNTY, TAIWAN.;  NATL CENT UNIV, DEPT CIVIL ENGN, TAO YUAN 32001, TAIWAN.;","","","","","","2021-08-04","BENTONITE; GEOLOGICAL REPOSITORY; SWELLING; GROUNDWATER CHEMISTRY","10.1016/j.pce.2013.05.012","ARTICLE","","","","1873-5193","T321655@NCU.EDU.TW","49","","NATIONAL SCIENCE COUNCIL OF THE REPUBLIC OF CHINAMINISTRY OF SCIENCE AND TECHNOLOGY, TAIWAN [NSC 98-NU-E-008-001, 98-3114-E-007-015]","THIS STUDY WAS SUPPORTED BY THE NATIONAL SCIENCE COUNCIL OF THE REPUBLIC OF CHINA UNDER PROJECT NOS. NSC 98-NU-E-008-001 AND 98-3114-E-007-015.","254LP","","","SOIL","","PHYS CHEM EARTH","PHYS. CHEM. EARTH","ENGLISH","18","","","THE BOULEVARD, LANGFORD LANE, KIDLINGTON, OXFORD OX5 1GB, ENGLAND","","8","OXFORD","","","J","PERGAMON-ELSEVIER SCIENCE LTD","2013","","HUANG, WH (CORRESPONDING AUTHOR), NATL CENT UNIV, DEPT CIVIL ENGN, TAO YUAN 32001, TAIWAN.","GEOLOGY; METEOROLOGY & ATMOSPHERIC SCIENCES; WATER RESOURCES","","","1474-7065","PHYSICS AND CHEMISTRY OF THE EARTH","","","8","EFFECT OF GROUNDWATER CHEMISTRY ON THE SWELLING BEHAVIOR OF A CA-BENTONITE FOR DEEP GEOLOGICAL REPOSITORY","3","11","WOS:000327167500005","65","GEOSCIENCES, MULTIDISCIPLINARY; METEOROLOGY & ATMOSPHERIC SCIENCES; WATER RESOURCES","9","ISI","ATOM ENERGY COUNCIL;NATL CENT UNIV","NATL CENT UNIV","","CHEN WC, 2013, PHYS CHEM EARTH","CHEN WC, 2013, PHYS CHEM EARTH"
"QIAO W;SIPAHI R","QIAO, WEI;SIPAHI, RIFAT","ABDALLAH CT, 2003, INT J SYST SCI, V34, P563, DOI 10.1080/00207720310001614907;ATAY FM, 2010, UNDERST COMPLEX SYST, P45, DOI 10.1007/978-3-642-02329-3","THIS PAPER INVESTIGATES THE RIGHTMOST EIGENVALUE BEHAVIOR OF A CLASS OF SINGLE-DELAY LARGE-SCALE CONSENSUS DYNAMICS WHERE INFORMATION SHARED AMONG THE","","","","","","3971","","NORTHEASTERN UNIV, DEPT MECH & IND ENGN, BOSTON, MA 02115 USA.;","","","","","","2021-08-04","LTI CONSENSUS SYSTEM; HETEROGENEOUS AGENTS; HOMOGENEOUS DELAYS; RIGHTMOST ROOTS","10.1137/110832574","ARTICLE","","","","1095-7138","RIFAT@COE.NEU.EDU","3992","","NATIONAL SCIENCE FOUNDATIONNATIONAL SCIENCE FOUNDATION (NSF) [ECCS 0901442]; DIV OF ELECTRICAL, COMMUN & CYBER SYSNATIONAL SCIENCE FOUNDATION (NSF)NSF","THIS WORK WAS SUPPORTED IN PART BY NATIONAL SCIENCE FOUNDATION AWARD ECCS 0901442.","244JQ","","","STABILITY ROBUSTNESS; CHARACTERISTIC ROOTS; SINGLE-DELAY; SYSTEMS; FLOW; COMPUTATION; EQUATIONS; NETWORKS; AGENTS","5","SIAM J CONTROL OPTIM","SIAM J. CONTROL OPTIM.","ENGLISH","65","","SIPAHI, RIFAT/0000-0001-9307-5324","3600 UNIV CITY SCIENCE CENTER, PHILADELPHIA, PA 19104-2688 USA","","22","PHILADELPHIA","","","J","SIAM PUBLICATIONS","2013","","SIPAHI, R (CORRESPONDING AUTHOR), NORTHEASTERN UNIV, DEPT MECH & IND ENGN, BOSTON, MA 02115 USA.","AUTOMATION & CONTROL SYSTEMS; MATHEMATICS","","","0363-0129","SIAM JOURNAL ON CONTROL AND OPTIMIZATION","","","19","A LINEAR TIME-INVARIANT CONSENSUS DYNAMICS WITH HOMOGENEOUS DELAYS: ANALYTICAL STUDY AND SYNTHESIS OF RIGHTMOST EIGENVALUES","0","9","WOS:000326384700025","51","AUTOMATION & CONTROL SYSTEMS; MATHEMATICS, APPLIED","19","ISI","NORTHEASTERN UNIV","NORTHEASTERN UNIV","","QIAO W, 2013, SIAM J CONTROL OPTIM","QIAO W, 2013, SIAM J CONTROL OPTIM"
"NATSUI S;SHIBASAKI R;KON T;UEDA S;INOUE R;ARIYAMA T","NATSUI, SHUNGO;SHIBASAKI, RYO;KON, TATSUYA;UEDA, SHIGERU;INOUE, RYO;ARIYAMA, TATSURO","ARATO T., 1982, TETSU TO HAGANE, V68, P2263;BIRD R.B., 2006, TRANSPORT PHENOMENA, P23;CUNDALL PA, 1979, GEOTECHNIQUE, V29, P47, DOI 10.1680/GEOT.1979.","A LOW COKE RATE OPERATION IN BLAST FURNACE IS DESIRED TO DECREASE THE CARBON INPUT AND MITIGATE GLOBAL WARMING PROBLEM. HOWEVER, LOW COKE RATE OPERATI","","","","","","1770","","HOKKAIDO UNIV, DIV MAT SCI & ENGN, FAC ENGN, KITA KU, SAPPORO, HOKKAIDO 0608628, JAPAN.;  TOHOKU UNIV, INST MULTIDISCIPLINARY RES ADV MAT IMRAM, AOBA","","","","","","2021-08-04","IRONMAKING; BLAST FURNACE; LOW COKE RATE; REDUCING AGENT; MIXED COKE CHARGE; NUT COKE; REACTIVITY; EULER-LAGRANGE METHOD","10.2355/isijinternational.53.1770","ARTICLE","","","","1347-5460","NATSUI@ENG.HOKUDAI.AC.JP","1778","","GRANTS-IN-AID FOR SCIENTIFIC RESEARCHMINISTRY OF EDUCATION, CULTURE, SPORTS, SCIENCE AND TECHNOLOGY, JAPAN (MEXT)JAPAN SOCIETY FOR THE PROMOTION OF SC","","242AX","","","FLUID DISPERSION COEFFICIENTS; DISCRETE ELEMENT METHOD; PACKED-BED; MASS-TRANSFER; SOLID FLOW; IRON-COKE; SIMULATION; MODEL; REDUCTION; TEMPERATURE","10","ISIJ INT","ISIJ INT.","ENGLISH","46","BRONZE","KON, TATSUYA/0000-0002-7713-2760; ARIYAMA, TATSURO/0000-0001-9438-2481","TEKKO KAIKAN-5F, 3-2-10, NIHONBASHI-KAYABACHO, TOKYO, CHUO-KU 103-0025, JAPAN","","9","TOKYO","","","J","IRON STEEL INST JAPAN KEIDANREN KAIKAN","2013","KON, TATSUYA/M-9411-2019","NATSUI, S (CORRESPONDING AUTHOR), HOKKAIDO UNIV, DIV MAT SCI & ENGN, FAC ENGN, KITA KU, N13-W8, SAPPORO, HOKKAIDO 0608628, JAPAN.","METALLURGY & METALLURGICAL ENGINEERING","","","0915-1559","ISIJ INTERNATIONAL","","","25","EFFECT OF HIGH REACTIVITY COKE FOR MIXED CHARGE IN ORE LAYER ON REACTION BEHAVIOR OF EACH PARTICLE IN BLAST FURNACE","1","22","WOS:000326210900012","53","METALLURGY & METALLURGICAL ENGINEERING","27","ISI","HOKKAIDO UNIV;TOHOKU UNIV;TOHOKU UNIV","HOKKAIDO UNIV","","NATSUI S, 2013, ISIJ INT","NATSUI S, 2013, ISIJ INT"
"PINTO T;PRACA I;VALE Z;MORAIS H;SOUSA TM","PINTO, TIAGO;PRACA, ISABEL;VALE, ZITA;MORAIS, HUGO;SOUSA, TIAGO M.","AHMADLOU M, 2010, INTEGR COMPUT-AID E, V17, P197, DOI 10.3233/ICA-2010-0345;BADAWY R, 2013, INTEGR COMPUT-AID E, V20, P127, DOI 10.3233/ICA-130423;BAD","ELECTRICITY MARKETS ARE COMPLEX ENVIRONMENTS, INVOLVING A LARGE NUMBER OF DIFFERENT ENTITIES, WITH SPECIFIC CHARACTERISTICS AND OBJECTIVES, MAKING THE","","","","","","335","","POLYTECH PORTO, GECAD, KNOWLEDGE ENGN & DECIS SUPPORT RES CTR, OPORTO, PORTUGAL.;","","","","","","2021-08-04","DECISION MAKING; ELECTRICITY MARKETS; INTELLIGENT AGENTS; GAME THEORY; MULTIAGENT SYSTEMS; SCENARIO ANALYSIS","10.3233/ICA-130438","ARTICLE","","","","1875-8835","ZAV@ISEP.IPP.PT","346","","FEDER FUNDS THROUGH COMPETE PROGRAM; NATIONAL FUNDS THROUGH FCT [FCOMP-01-0124-FEDER: PEST-OE/EEI/UI0760/2011, PTDC/EEA-EEL/099832/2008, PTDC/SEN-ENR/","THIS WORK IS SUPPORTED BY FEDER FUNDS THROUGH COMPETE PROGRAM AND BY NATIONAL FUNDS THROUGH FCT UNDER THE PROJECTS FCOMP-01-0124-FEDER: PEST-OE/EEI/UI","217FS","","","MULTIAGENT SYSTEM; NETWORK; CLASSIFIER; DEMAND","4","INTEGR COMPUT-AID E","INTEGR. COMPUT.-AIDED ENG.","ENGLISH","34","GREEN SUBMITTED","PINTO, TIAGO/0000-0001-8248-080X; VALE, ZITA/0000-0002-4560-9544; VALE, ZITA/0000-0002-4560-9544; PRACA, ISABEL/0000-0002-2519-9859; MORAIS, HUGO/0000","NIEUWE HEMWEG 6B, 1013 BG AMSTERDAM, NETHERLANDS","","12","AMSTERDAM","","","J","IOS PRESS","2013","PINTO, TIAGO/T-2245-2018; VALE, ZITA/N-1643-2019; VALE, ZITA/A-5824-2012; PRACA, ISABEL/K-8430-2014","VALE, Z (CORRESPONDING AUTHOR), POLYTECH INST PORTO ISEP IPP, KNOWLEDGE ENGN & DECIS SUPPORT RES GRP, GECAD, SCH ENGN, RUA DR ANTONIO BERNARDINO DE AL","COMPUTER SCIENCE; ENGINEERING","","","1069-2509","INTEGRATED COMPUTER-AIDED ENGINEERING","","","26","STRATEGIC BIDDING IN ELECTRICITY MARKETS: AN AGENT-BASED SIMULATOR WITH GAME THEORY FOR SCENARIO ANALYSIS","0","18","WOS:000324343100002","20","COMPUTER SCIENCE, ARTIFICIAL INTELLIGENCE; COMPUTER SCIENCE, INTERDISCIPLINARY APPLICATIONS; ENGINEERING, MULTIDISCIPLINARY","26","ISI","KNOWLEDGE ENGN AND DECIS SUPPORT RES CTR","SCH ENGN","","PINTO T, 2013, INTEGR COMPUT-AID E","PINTO T, 2013, INTEGR COMPUT-AID E"
"WATKINS C;MASSEY D;BROOKS J;ROSS K;ZELLNER ML","WATKINS, CRISTY;MASSEY, DEAN;BROOKS, JEREMY;ROSS, KRISTEN;ZELLNER, MOIRA L.","ANDERSON CA, 1980, J PERS SOC PSYCHOL, V39, P1037, DOI 10.1037/H0077720;ANDERSON CA, 1998, SOC COGNITION, V16, P8, DOI 10.1521/SOCO.1998.16.1.8;ARGYRE","ECOLOGICAL RESTORATION, PARTICULARLY IN URBAN CONTEXTS, IS A COMPLEX COLLECTIVE DECISION-MAKING PROCESS THAT INVOLVES A DIVERSITY OF STAKEHOLDERS AND","32","","","","","","","FIELD MUSEUM, CHICAGO, IL USA.;  UNIV ILLINOIS, CHICAGO, IL 60680 USA.;  UNIV ILLINOIS, URBANA, IL USA.;","","","","","","2021-08-04","AGENT-BASED MODELING; CHICAGO WILDERNESS; COLLECTIVE DECISION MAKING; ECOLOGICAL RESTORATION","10.5751/ES-05497-180232","ARTICLE","","","","","","","","NATIONAL SCIENCE FOUNDATIONNATIONAL SCIENCE FOUNDATION (NSF) [DEB-BE-0909451]","THIS RESEARCH WAS FUNDED BY THE NATIONAL SCIENCE FOUNDATION COUPLED HUMAN-NATURAL SYSTEMS PROGRAM (DEB-BE-0909451). WE ARE GRATEFUL TO OUR COLLEAGUES","175TT","","","NATURAL-RESOURCE MANAGEMENT; INFORMATION; PERSEVERANCE; COOPERATION; EXPERIENCES; EXPERTISE; EVOLUTION; CONSENSUS; BENEFITS; ADVICE","2","ECOL SOC","ECOL. SOC.","ENGLISH","70","GREEN PUBLISHED, GOLD, GREEN SUBMITTED","","ACADIA UNIV, BIOLOGY DEPT, WOLFVILLE, NS B0P 1X0, CANADA","","21","WOLFVILLE","","","J","RESILIENCE ALLIANCE","2013","BROOKS, JEREMY/D-1849-2013","WATKINS, C (CORRESPONDING AUTHOR), FIELD MUSEUM, CHICAGO, IL USA.","ENVIRONMENTAL SCIENCES & ECOLOGY","","","1708-3087","ECOLOGY AND SOCIETY","","","8","UNDERSTANDING THE MECHANISMS OF COLLECTIVE DECISION MAKING IN ECOLOGICAL RESTORATION: AN AGENT-BASED MODEL OF ACTORS AND ORGANIZATIONS","0","45","WOS:000321257100033","18","ECOLOGY; ENVIRONMENTAL STUDIES","8","ISI","UNIV ILLINOIS;UNIV ILLINOIS","C (CORRESPONDING AUTHOR)","","WATKINS C, 2013, ECOL SOC","WATKINS C, 2013, ECOL SOC"
"ALVARI H;HASHEMI S;HAMZEH A","ALVARI, HAMIDREZA;HASHEMI, SATTAR;HAMZEH, ALI","ADJEROH D, 2007, INT J COMPUT INTELL, V3, P313, DOI DOI 10.5019/J.IJCIR.2007.112;ALBERT R, 2002, REV MOD PHYS, V74, P47, DOI 10.1103/REVMODPHYS.74.47;","IDENTIFYING COMMUNITIES IN SOCIAL NETWORKS HAS BEEN RECEIVING THE INCREASING ATTENTIONS RECENTLY. HOWEVER, THE OVERLAPPING CONCEPT HAS RECEIVED LITTLE","","","","","","161","","SHIRAZ UNIV, DEPT ELECT & COMP ENGN, SHIRAZ, IRAN.;","","","","","","2021-08-04","GAME THEORY; MULTIAGENT ENVIRONMENT; OVERLAPPING COMMUNITIES; SOCIAL NETWORKS; STRUCTURAL EQUIVALENCE","10.3233/AIC-130557","ARTICLE","","","","1875-8452","ALVARI@CSE.SHIRAZU.AC.IR; S_HASHEMI@SHIRAZU.AC.IR; ALI@CSE.SHIRAZU.AC.IR","177","","IRANIAN TELECOMMUNICATION RESEARCH CENTER (ITRC) [T/500/13226]","THIS WORK IS SUPPORTED BY IRANIAN TELECOMMUNICATION RESEARCH CENTER (ITRC) UNDER GRANT NO. T/500/13226.","137XE","","","COMPLEX NETWORKS; IDENTIFICATION; ALGORITHM","2","AI COMMUN","AI COMMUN.","ENGLISH","40","GREEN PUBLISHED","HASHEMI, SATTAR/0000-0001-6981-8810","NIEUWE HEMWEG 6B, 1013 BG AMSTERDAM, NETHERLANDS","","17","AMSTERDAM","","","J","IOS PRESS","2013","HASHEMI, SATTAR/W-5625-2018","ALVARI, H (CORRESPONDING AUTHOR), SHIRAZ UNIV, DEPT ELECT & COMP ENGN, SHIRAZ, IRAN.","COMPUTER SCIENCE","","","0921-7126","AI COMMUNICATIONS","","","15","DISCOVERING OVERLAPPING COMMUNITIES IN SOCIAL NETWORKS: A NOVEL GAME-THEORETIC APPROACH","0","13","WOS:000318470700002","26","COMPUTER SCIENCE, ARTIFICIAL INTELLIGENCE","16","ISI","SHIRAZ UNIV","SHIRAZ UNIV","","ALVARI H, 2013, AI COMMUN","ALVARI H, 2013, AI COMMUN"
"VILLATORO D","VILLATORO, DANIEL","VILLATORO D., 2011, THESIS IIIA CSIC BAR","THE STUDY OF SOCIAL NORMS IS ONE OF THE MOST ACTIVE TOPICS STUDIED BY RESEARCHERS FROM SEVERAL AREAS SUCH AS MULTIAGENT SYSTEMS, ECONOMICS, OR SOCIAL","","","","","","255","","SPANISH NATL RES COUNCIL, ARTIFICIAL INTELLIGENCE RES INST, BELLATERRA, SPAIN.;","","","","","","2021-08-04","AUTONOMOUS AGENTS; AGENT BASED SOCIAL SIMULATION; COMPLEX SYSTEMS; SELF-ORGANIZATION","10.3233/AIC-130555","ARTICLE","","","","","DVILLATORO@IIIA.CSIC.ES","256","","","","137XE","","","","2","AI COMMUN","AI COMMUN.","ENGLISH","1","","","NIEUWE HEMWEG 6B, 1013 BG AMSTERDAM, NETHERLANDS","","2","AMSTERDAM","","","J","IOS PRESS","2013","","VILLATORO, D (CORRESPONDING AUTHOR), SPANISH NATL RES COUNCIL, ARTIFICIAL INTELLIGENCE RES INST, BELLATERRA, SPAIN.","COMPUTER SCIENCE","","","0921-7126","AI COMMUNICATIONS","","","0","SOCIAL NORMS FOR SELF-POLICING MULTI-AGENT SYSTEMS AND VIRTUAL SOCIETIES","0","7","WOS:000318470700009","26","COMPUTER SCIENCE, ARTIFICIAL INTELLIGENCE","0","ISI","ARTIFICIAL INTELLIGENCE RES INST","ARTIFICIAL INTELLIGENCE RES INST","","VILLATORO D, 2013, AI COMMUN","VILLATORO D, 2013, AI COMMUN"
"WALKER L;DAVIS P","WALKER, LYNDON;DAVIS, PETER","ALAM S. J., 2008, WORLD C SOC SIM, DOI 10.4054/DEMRES.2007.17.3, DOI 10.4054/DEMRES.2007.17.3;BACON B., 2007, APPSIM MODELLING FAM, DOI 10.4054/DEMRES","CHOICE MECHANISMS AND SOCIAL NETWORKS, INCLUDING ""MARRIAGE MARKETS"", SEEM WELL-SUITED TO BE MODELLED USING AGENT-TYPE SIMULATIONS. FEW REAL-WORLD EMPI","6","","","","","","","SWINBURNE UNIV, MELBOURNE, VIC 3122, AUSTRALIA.;  UNIV AUCKLAND, AUCKLAND, NEW ZEALAND.;","","","","","","2021-08-04","MARRIAGE; ETHNICITY; HOMOPHILY; SIMULATION","10.18564/jasss.2106","ARTICLE","","","","","LWALKER@SWIN.EDU.AU; PB.DAVIS@AUCKLAND.AC.NZ","","","","","138XH","","","AGENT-BASED MARRIAGE; MATE CHOICE; SOCIAL NETWORKS; PATTERNS; SEARCH","1","JASSS-J ARTIF SOC S","JASSS","ENGLISH","41","GOLD, GREEN SUBMITTED","WALKER, LYNDON/0000-0002-6939-9721","UNIV SURREY, DEPT SOCIOLOGY, GUILDFORD GU2 7XH, SURREY, ENGLAND","JAN","14","GUILDFORD","","","J","J A S S S","2013","WALKER, LYNDON/I-7962-2015","WALKER, L (CORRESPONDING AUTHOR), SWINBURNE UNIV, POB 218, MELBOURNE, VIC 3122, AUSTRALIA.","SOCIAL SCIENCES - OTHER TOPICS","","","1460-7425","JASSS-THE JOURNAL OF ARTIFICIAL SOCIETIES AND SOCIAL SIMULATION","","","2","MODELLING ""MARRIAGE MARKETS"": A POPULATION-SCALE IMPLEMENTATION AND PARAMETER TEST","0","9","WOS:000318544400006","16","SOCIAL SCIENCES, INTERDISCIPLINARY","2","ISI","SWINBURNE UNIV;UNIV AUCKLAND","SWINBURNE UNIV","","WALKER L, 2013, JASSS-J ARTIF SOC S","WALKER L, 2013, JASSS-J ARTIF SOC S"
"YANG Q;YANG XP;LI XD;SHI L;SUI G","YANG, QING;YANG, XIAOPING;LI, XIUDI;SHI, LEI;SUI, GANG","AICHELE M, 2003, J CHEM PHYS, V119, P5290, DOI 10.1063/1.1597473; DAI XIAOQING, 2008, ACTA MATERIAE COMPOSITAE SINICA, V25, P18;DONATI C, 1999, PHYS R","CURING AND THERMAL TRANSITION BEHAVIOR OF TWO EPOXY RESINS I.E. 2,2'-DIMETHYL-4,4'-DIAMINOBIPHENYL (MTB)-4,5-EPOXYCYCLOHEXYL-1,2-DIGLYCIDYL DIFORMATE","","","","","","7452","","BEIJING UNIV CHEM TECHNOL, STATE KEY LAB ORGAN INORGAN COMPOSITES, BEIJING 100029, PEOPLES R CHINA.;  BEIJING UNIV CHEM TECHNOL, COLL MAT SCI & ENGN,","","","","","","2021-08-04","","10.1039/c3ra40699g","ARTICLE","","","","2046-2069","YANGQINGACC@GMAIL.COM; SUIGANG@MAIL.BUCT.EDU.CN","7459","","NATIONAL NATURAL SCIENCE FOUNDATION OF CHINANATIONAL NATURAL SCIENCE FOUNDATION OF CHINA (NSFC) [51073019]; PROGRAM FOR NEW CENTURY EXCELLENT TALENTS","THE AUTHORS ACKNOWLEDGE THE FINANCIAL SUPPORT FROM THE NATIONAL NATURAL SCIENCE FOUNDATION OF CHINA (NO. 51073019), THE PROGRAM FOR NEW CENTURY EXCELL","135QF","","","DYNAMICS; HETEROGENEITY; RELAXATION; NETWORKS","20","RSC ADV","RSC ADV.","ENGLISH","22","","","THOMAS GRAHAM HOUSE, SCIENCE PARK, MILTON RD, CAMBRIDGE CB4 0WF, CAMBS, ENGLAND","","8","CAMBRIDGE","","","J","ROYAL SOC CHEMISTRY","2013","","YANG, Q (CORRESPONDING AUTHOR), BEIJING UNIV CHEM TECHNOL, STATE KEY LAB ORGAN INORGAN COMPOSITES, BEIJING 100029, PEOPLES R CHINA.","CHEMISTRY","","","","RSC ADVANCES","","","15","THE CURING AND THERMAL TRANSITION BEHAVIOR OF EPOXY RESIN: A MOLECULAR SIMULATION AND EXPERIMENTAL STUDY","2","51","WOS:000318302900042","3","CHEMISTRY, MULTIDISCIPLINARY","20","ISI","BEIJING UNIV CHEM TECHNOL;BEIJING UNIV CHEM TECHNOL","BEIJING UNIV CHEM TECHNOL","","YANG Q, 2013, RSC ADV","YANG Q, 2013, RSC ADV"
"VENTRESCA M;ALEMAN D","VENTRESCA, MARIO;ALEMAN, DIONNE","ALEMAN DM, 2011, INTERFACES, V41, P301, DOI 10.1287/INTE.1100.0550;AMES GM, 2011, P ROY SOC B-BIOL SCI, V278, P3544, DOI 10.1098/RSPB.2011.0290;ANDERS","COMPUTER SIMULATION IS AN EFFECTIVE TOOL FOR ASSESSING MITIGATION STRATEGIES, WITH RECENT TRENDS CONCENTRATING ON AGENT-BASED TECHNIQUES. THESE METHOD","","","","","","75","","UNIV TORONTO, DEPT MECH & IND ENGN, TORONTO, ON M5S 3G8, CANADA.;","","","","","","2021-08-04","PANDEMIC MITIGATION; CONTACT NETWORK; VACCINATION STRATEGY; CRITICAL NODE DETECTION","10.1016/j.socnet.2013.01.002","ARTICLE","","","","1879-2111","MVENTRESCA@GMAIL.COM","88","","","","130TN","","","INFECTIOUS-DISEASE; VACCINATION STRATEGIES; PANDEMIC INFLUENZA; PUBLIC-HEALTH; MODELS; EPIDEMICS; TRANSMISSION; IMPACT; DISTRIBUTIONS; DYNAMICS","1","SOC NETWORKS","SOC. NETWORKS","ENGLISH","60","","ALEMAN, DIONNE/0000-0001-8326-8544","RADARWEG 29, 1043 NX AMSTERDAM, NETHERLANDS","JAN","14","AMSTERDAM","","","J","ELSEVIER","2013","","VENTRESCA, M (CORRESPONDING AUTHOR), UNIV TORONTO, DEPT MECH & IND ENGN, 5 KINGS COLL RD, TORONTO, ON M5S 3G8, CANADA.","ANTHROPOLOGY; SOCIOLOGY","","","0378-8733","SOCIAL NETWORKS","","","21","EVALUATION OF STRATEGIES TO MITIGATE CONTAGION SPREAD USING SOCIAL NETWORK CHARACTERISTICS","1","34","WOS:000317943100007","35","ANTHROPOLOGY; SOCIOLOGY","21","ISI","UNIV TORONTO","UNIV TORONTO","","VENTRESCA M, 2013, SOC NETWORKS","VENTRESCA M, 2013, SOC NETWORKS"
"SCHREIBER C;CARLEY KM","SCHREIBER, CRAIG;CARLEY, KATHLEEN M.","ASHWORTH MJ, 2006, J MATH SOCIOL, V30, P43, DOI 10.1080/00222500500323101;BALCI O, 1998, 1998 WINTER SIMULATION CONFERENCE PROCEEDINGS, VOLS 1 AND 2,","VALIDATING A COMPUTATIONAL MODEL IS IMPORTANT AS IT ESTABLISHES THAT THE MODEL HAS MET ITS INTENDED PURPOSE OF REPRESENTING THE SYSTEM UNDER STUDY. IN","","","","","","208","","LENOIR RHYNE UNIV, CHARLES M SNIPES SCH BUSINESS, HICKORY, NC 28601 USA.;  LENOIR RHYNE UNIV, BROYHILL INST BUSINESS LEADERSHIP, HICKORY, NC 28601 USA","","","","","","2021-08-04","MULTIAGENT NETWORK MODEL; ORGANIZATION THEORY; SIMULATION; SOCIAL NETWORKS; VALIDATION","10.1109/TSMCA.2012.2192104","ARTICLE","","","","","CRAIGSCHREIBER.ACAD@GMAIL.COM; KATHLEEN.CARLEY@CS.CMU.EDU","214","","NATIONAL AERONAUTICS AND SPACE ADMINISTRATIONNATIONAL AERONAUTICS & SPACE ADMINISTRATION (NASA) [NAG-2-1569, NNA04AA14C]; ARMY RESEARCH LABORATORYUNIT","THIS WORK WAS SUPPORTED IN PART BY THE NATIONAL AERONAUTICS AND SPACE ADMINISTRATION UNDER GRANT NAG-2-1569 AND CONTRACT NNA04AA14C, BY THE ARMY RESEA","126KJ","","","","1","IEEE T SYST MAN CY-S","IEEE TRANS. SYST. MAN CYBERN. -SYST.","ENGLISH","35","","CARLEY, KATHLEEN M./0000-0002-6356-0238","445 HOES LANE, PISCATAWAY, NJ 08855-4141 USA","JAN","7","PISCATAWAY","","","J","IEEE-INST ELECTRICAL ELECTRONICS ENGINEERS INC","2013","","SCHREIBER, C (CORRESPONDING AUTHOR), LENOIR RHYNE UNIV, CHARLES M SNIPES SCH BUSINESS, HICKORY, NC 28601 USA.","AUTOMATION & CONTROL SYSTEMS; COMPUTER SCIENCE","","","2168-2216","IEEE TRANSACTIONS ON SYSTEMS MAN CYBERNETICS-SYSTEMS","","","5","VALIDATING AGENT INTERACTIONS IN CONSTRUCT AGAINST EMPIRICAL COMMUNICATION NETWORKS USING THE CALIBRATED GROUNDING TECHNIQUE","0","5","WOS:000317613400018","43","AUTOMATION & CONTROL SYSTEMS; COMPUTER SCIENCE, CYBERNETICS","6","ISI","LENOIR RHYNE UNIV;LENOIR RHYNE UNIV;CARNEGIE MELLON UNIV","LENOIR RHYNE UNIV","","SCHREIBER C, 2013, IEEE T SYST MAN CY-S","SCHREIBER C, 2013, IEEE T SYST MAN CY-S"
"ACHTEMEIER GL","ACHTEMEIER, GARY L.","ACHTEMEIER GL, 2005, INT J WILDLAND FIRE, V14, P85, DOI 10.1071/WF04041;ACHTEMEIER GL, 2003, 5 S FIR FOR MET 16 2;ADOU JK, 2010, ECOL MODEL, V221, P14","A CELLULAR AUTOMATA FIRE MODEL REPRESENTS 'ELEMENTS' OF FIRE BY AUTONOMOUS AGENTS. A FEW SIMPLE ALGEBRAIC EXPRESSIONS SUBSTITUTED FOR COMPLEX PHYSICAL","","","","","","148","","US FOREST SERV, USDA, CTR FOREST DISTURBANCE SCI, ATHENS, GA 30602 USA.;","","","","","","2021-08-04","","10.1071/WF11055","ARTICLE","","","","1448-5516","GACHTEMEIER@FS.FED.US","156","","NATIONAL FIRE PLAN [01.SRSA5]","DR CRAIG CLEMENTS IS ACKNOWLEDGED FOR PROVIDING FIREFLUX EXPERIMENT DATA FOR RABBIT RULES VALIDATION. DR SCOTT GOODRICK, DR YONQIANG LIU AND DR J. J.","111CV","","","ANOMALOUS DIFFUSION; SIMULATING FIRE; GRASS FIRES; DYNAMICS; WIND","2","INT J WILDLAND FIRE","INT. J. WILDLAND FIRE","ENGLISH","33","","","UNIPARK, BLDG 1, LEVEL 1, 195 WELLINGTON RD, LOCKED BAG 10, CLAYTON, VIC 3168, AUSTRALIA","","9","CLAYTON","","","J","CSIRO PUBLISHING","2013","","ACHTEMEIER, GL (CORRESPONDING AUTHOR), US FOREST SERV, USDA, CTR FOREST DISTURBANCE SCI, ATHENS, GA 30602 USA.","FORESTRY","","","1049-8001","INTERNATIONAL JOURNAL OF WILDLAND FIRE","","","19","FIELD VALIDATION OF A FREE-AGENT CELLULAR AUTOMATA MODEL OF FIRE SPREAD WITH FIRE-ATMOSPHERE COUPLING","1","15","WOS:000316496600005","22","FORESTRY","20","ISI","CTR FOREST DISTURBANCE SCI","CTR FOREST DISTURBANCE SCI","","ACHTEMEIER GL, 2013, INT J WILDLAND FIRE","ACHTEMEIER GL, 2013, INT J WILDLAND FIRE"
"BAFFO I;CONFESSORE G;STECCA G","BAFFO, ILARIA;CONFESSORE, GIUSEPPE;STECCA, GIUSEPPE","ALLAHVERDI A, 2004, COMPUT OPER RES, V31, P157, DOI 10.1016/S0305-0548(02)00143-0;ALLAHVERDI A, 2003, EUR J OPER RES, V147, P373, DOI 10.1016/S0377-22","THE RECENT ADVANCES IN TECHNOLOGY SECTORS OFTEN CLASH WITH TRADITIONAL ORGANIZATIONAL PARADIGMS WHICH CAN LIMIT OR MAKE DIFFICULT AN EFFICIENT IMPLEME","","","","","","68","","UNIV TUSCIA, DEPT ECON & ENTERPRISE, I-01100 VITERBO, ITALY.;  INST IND TECHNOL & AUTOMAT CNR ITIA, NATL RES COUNCIL ITALY, AREA RIC ROMA 1, I-00010 R","","","","","","2021-08-04","FLEXIBLE MANUFACTURING SYSTEMS; FLOW SHOP SCHEDULING; MULTI-AGENT SYSTEMS; DISTRIBUTED SCHEDULING; MATHEMATICAL PROGRAMMING","10.1016/j.jmsy.2012.10.002","ARTICLE","","","","1878-6642","GIUSEPPE.STECCA@ITIA.CNR.IT","77","","","","098JQ","","","INTEGER PROGRAMMING FORMULATIONS; AGENT-BASED SYSTEMS; MANUFACTURING SYSTEMS; SCHEDULING PROBLEMS; EMPIRICAL-ANALYSIS; MAKESPAN; BICRITERIA; TARDINESS","1","J MANUF SYST","J. MANUF. SYST.","ENGLISH","47","","STECCA, GIUSEPPE/0000-0001-5876-4538; STECCA, GIUSEPPE/0000-0001-5876-4538; BAFFO, ILARIA/0000-0001-8082-4349; CONFESSORE, GIUSEPPE/0000-0002-1339-664","THE BOULEVARD, LANGFORD LANE, KIDLINGTON, OXFORD OX5 1GB, OXON, ENGLAND","JAN","10","OXFORD","","","J","ELSEVIER SCI LTD","2013","STECCA, GIUSEPPE/I-4719-2019; STECCA, GIUSEPPE/K-5771-2012","STECCA, G (CORRESPONDING AUTHOR), INST IND TECHNOL & AUTOMAT CNR ITIA, NATL RES COUNCIL ITALY, AREA RIC ROMA 1, STR NEVE,VIA SALARIA KM 29,300, I-0001","ENGINEERING; OPERATIONS RESEARCH & MANAGEMENT SCIENCE","","","0278-6125","JOURNAL OF MANUFACTURING SYSTEMS","","","7","A DECENTRALIZED MODEL FOR FLOW SHOP PRODUCTION WITH FLEXIBLE TRANSPORTATION SYSTEM","1","38","WOS:000315546000007","32","ENGINEERING, INDUSTRIAL; ENGINEERING, MANUFACTURING; OPERATIONS RESEARCH & MANAGEMENT SCIENCE","7","ISI","UNIV TUSCIA;INST IND TECHNOL AND AUTOMAT CNR ITIA","INST IND TECHNOL AND AUTOMAT CNR ITIA","","BAFFO I, 2013, J MANUF SYST","BAFFO I, 2013, J MANUF SYST"
"ONTANON-GARCIA LJ;CAMPOS-CANTON E","ONTANON-GARCIA, L. J.;CAMPOS-CANTON, E.","AMATORE C, 2007, BIOPHYS CHEM, V129, P181, DOI 10.1016/J.BPC.2007.05.018;ATWATER I, 1980, HORM METAB RES SUPPL, VSUPPL 10, P100;BEIGELMAN PM, 1977, J","THE SYNCHRONIZATION PHENOMENON THAT OCCURS IN THE LANGERHANS ISLETS AMONG PANCREATIC BETA CELLS IS AN INTERESTING TOPIC BECAUSE THESE CELLS ARE RESPON","427050","","","","","","","UNIV AUTONOMA SAN LUIS POTOSI, DEPT FIS MATEMAT, INST INVEST COMUNICAC OPT, SAN LUIS POTOSI 78000, SLP, MEXICO.;  INST POTOSINO INVEST CIENT & TECNOL","","","","","","2021-08-04","","10.1155/2013/427050","ARTICLE","","","","1607-887X","LUISJAVIER.ONTANON@GMAIL.COM","","","CONACYTCONSEJO NACIONAL DE CIENCIA Y TECNOLOGIA (CONACYT) [181002]","L. J. ONTANON-GARCIA IS A DOCTORAL FELLOW OF CONACYT AT THE GRADUATE PROGRAM ON APPLIED SCIENCE AT IICO-UASLP. E. CAMPOS-CANTON ACKNOWLEDGES CONACYT F","097ZG","","","ELECTRICAL-ACTIVITY; BURSTING ACTIVITY; ISLET; CHANNEL; GLUCOSE; K+","","DISCRETE DYN NAT SOC","DISCRETE DYN. NAT. SOC.","ENGLISH","22","GOLD, GREEN SUBMITTED","CANTON, ERIC CAMPOS/0000-0002-1098-1610; PIMENTEL, LUIS JAVIER ONTANON GARCIA/0000-0002-6042-6893","ADAM HOUSE, 3RD FLR, 1 FITZROY SQ, LONDON, W1T 5HF, ENGLAND","","7","LONDON","","","J","HINDAWI LTD","2013","CANTON, ERIC CAMPOS/H-4907-2019; PIMENTEL, LUIS JAVIER ONTANON GARCIA/AAK-5654-2020","ONTANON-GARCIA, LJ (CORRESPONDING AUTHOR), UNIV AUTONOMA SAN LUIS POTOSI, DEPT FIS MATEMAT, INST INVEST COMUNICAC OPT, ALVARO OBREGON 64, SAN LUIS POT","MATHEMATICS; SCIENCE & TECHNOLOGY - OTHER TOPICS","","","1026-0226","DISCRETE DYNAMICS IN NATURE AND SOCIETY","","","3","DISCRETE COUPLING AND SYNCHRONIZATION IN THE INSULIN RELEASE IN THE MATHEMATICAL MODEL OF THE BETA CELLS","0","6","WOS:000315511400001","2013","MATHEMATICS, INTERDISCIPLINARY APPLICATIONS; MULTIDISCIPLINARY SCIENCES","4","ISI","UNIV AUTONOMA SAN LUIS POTOSI;INST POTOSINO INVEST CIENT AND TECNOL AC","UNIV AUTONOMA SAN LUIS POTOSI","","ONTANON-GARCIA LJ, 2013, DISCRETE DYN NAT SOC","ONTANON-GARCIA LJ, 2013, DISCRETE DYN NAT SOC"
"MUIS J;SCHOLTE M","MUIS, JASPER;SCHOLTE, MICHEL","AARTS K, 2008, ACTA POLIT, V43, P203, DOI 10.1057/AP.2008.6;ADAMS J, 2001, BRIT J POLIT SCI, V31, P121;ADAMS J, 2006, AM J POLIT SCI, V50, P513, DOI 1","THIS ARTICLE PUTS PARTY STRATEGIES AT THE CENTRE OF THE ANALYSIS OF RADICAL RIGHT-WING CHALLENGERS' FORTUNES. IT EXTENDS MOST PREVIOUS STUDIES BECAUSE","","","","","","22","","VRIJE UNIV AMSTERDAM, DEPT SOCIOL, NL-1081 HV AMSTERDAM, NETHERLANDS.;","","","","","","2021-08-04","AGENT-BASED SIMULATION; ADAPTIVE BEHAVIOUR; PARTY STRATEGIES; POPULIST RADICAL RIGHT; IMMIGRATION AND INTEGRATION ISSUES","10.1057/ap.2012.21","ARTICLE","","","","1741-1416","MUIS.JASPER@GMAIL.COM","46","","","","093MD","","","VOTERS; EUROPE; POLICY; MODEL; IMMIGRATION; COMPETITION; RESPOND","1","ACTA POLIT","ACTA POLIT.","ENGLISH","54","GREEN SUBMITTED","MUIS, JASPER/0000-0002-3392-5670","BRUNEL RD BLDG, HOUNDMILLS, BASINGSTOKE RG21 6XS, HANTS, ENGLAND","JAN","25","BASINGSTOKE","","","J","PALGRAVE MACMILLAN LTD","2013","MUIS, JASPER/F-2230-2013","MUIS, J (CORRESPONDING AUTHOR), VRIJE UNIV AMSTERDAM, DEPT SOCIOL, DE BOELELAAN 1081, NL-1081 HV AMSTERDAM, NETHERLANDS.","GOVERNMENT & LAW","","","0001-6810","ACTA POLITICA","","","9","HOW TO FIND THE 'WINNING FORMULA'? CONDUCTING SIMULATION EXPERIMENTS TO GRASP THE TACTICAL MOVES AND FORTUNES OF POPULIST RADICAL RIGHT PARTIES","2","24","WOS:000315195100003","48","POLITICAL SCIENCE","9","ISI","VRIJE UNIV AMSTERDAM","VRIJE UNIV AMSTERDAM","","MUIS J, 2013, ACTA POLIT","MUIS J, 2013, ACTA POLIT"
"MANFRED L;COVELL DA;CROWE JJ;TUFEKCI E;MITCHELL JC","MANFRED, LAUREN;COVELL, DAVID A.;CROWE, JENNIFER J.;TUFEKCI, ESER;MITCHELL, JOHN C.","AZARPAZHOOH A, 2008, J AM DENT ASSOC, V139, P915, DOI 10.14219/JADA.ARCHIVE.2008.0278;BROWN ML, 2011, ANGLE ORTHOD, V81, P1014, DOI 10.2319/120710-708","OBJECTIVE: TO COMPARE CHANGES IN ENAMEL MICROHARDNESS ADJACENT TO ORTHODONTIC BRACKETS AFTER USING BONDING AGENTS CONTAINING VARIOUS COMPOSITIONS OF B","","","","","","97","","OREGON HLTH & SCI UNIV, DEPT ORTHODONT, PORTLAND, OR 97239 USA.;  VIRGINIA COMMONWEALTH UNIV, DEPT ORTHODONT, RICHMOND, VA USA.;  OREGON HLTH & SCI UN","","","","","","2021-08-04","BIOACTIVE GLASS; ORTHODONTIC ADHESIVE; WHITE SPOT LESIONS; MICROHARDNESS","10.2319/110811-689.1","ARTICLE","","","","1945-7103","MITCHELJ@OHSU.EDU","103","","","","063ER","","","CARIES-LIKE LESIONS; ENAMEL DEMINERALIZATION; GLASS-IONOMER; APPLIANCES; DENTIFRICES; EFFICACY; RELEASE","1","ANGLE ORTHOD","ANGLE ORTHOD.","ENGLISH","30","GOLD","","1615 BEACON ST, NEWTON N, MA 02468-1507 USA","JAN","7","NEWTON N","22765388","","J","E H ANGLE EDUCATION RESEARCH FOUNDATION, INC","2013","","MITCHELL, JC (CORRESPONDING AUTHOR), OREGON HLTH & SCI UNIV, DEPT RESTORAT DENT, DIV BIOMAT & BIOMECH, 611 SW CAMPUS DR, PORTLAND, OR 97239 USA.","DENTISTRY, ORAL SURGERY & MEDICINE","","","0003-3219","ANGLE ORTHODONTIST","","","24","A NOVEL BIOMIMETIC ORTHODONTIC BONDING AGENT HELPS PREVENT WHITE SPOT LESIONS ADJACENT TO BRACKETS","0","9","WOS:000312979500015","83","DENTISTRY, ORAL SURGERY & MEDICINE","25","ISI","OREGON HLTH AND SCI UNIV;VIRGINIA COMMONWEALTH UNIV;OREGON HLTH AND SCI UNIV","OREGON HLTH AND SCI UNIV","","MANFRED L, 2013, ANGLE ORTHOD","MANFRED L, 2013, ANGLE ORTHOD"
"DELICHATSIOS MA;GUMMALA M;VLACHOS DG","DELICHATSIOS, M. A.;GUMMALA, M.;VLACHOS, D. G.","BEYLER C, 2005, FIRE MATER, V29, P425, DOI 10.1002/FAM.902;CHAO BH, 1993, COMBUST FLAME, V92, P1, DOI 10.1016/0010-2180(93)90195-9;CORLETT RC, 1968, C","IN,THIS WORK A PREVIOUSLY PROPOSED EMPIRICAL AND ANALYTICAL CRITERION FOR EXTINCTION IS NUMERICALLY EXTENDED AND VALIDATED FOR VARYING FUEL DILUTION,","","","","","","152","","UNIV ULSTER, FIRESERT, JORDANSTOWN BT37 0QB, NORTH IRELAND.;  UNIV DELAWARE, DEPT CHEM ENGN, NEWARK, DE 19716 USA.;  UNIV DELAWARE, CTR CATALYT SCI &","","","","","","2021-08-04","IGNITION; EXTINCTION OF FLAMES ON SOLIDS; FIRES","10.1016/j.firesaf.2012.10.024","ARTICLE","","","","","M.DELICHATSIOS@ULSTER.AC.UK","159","","","","082EY","","","POINT BOUNDARY-LAYER; ASYMPTOTIC THEORY; CONDENSED FUEL; GAS FIRES; IGNITION; COMBUSTION; CONVECTION; RADIATION","","FIRE SAFETY J","FIRE SAF. J.","ENGLISH","21","","DELICHATSIOS, MICHAEL/0000-0002-3160-0573; VLACHOS, DIONISIOS/0000-0002-6795-8403","THE BOULEVARD, LANGFORD LANE, KIDLINGTON, OXFORD OX5 1GB, OXON, ENGLAND","JAN","8","OXFORD","","","J","ELSEVIER SCI LTD","2013","VLACHOS, DIONISIOS/ABH-6064-2020","DELICHATSIOS, MA (CORRESPONDING AUTHOR), UNIV ULSTER, FIRESERT, JORDANSTOWN BT37 0QB, NORTH IRELAND.","ENGINEERING; MATERIALS SCIENCE","","","0379-7112","FIRE SAFETY JOURNAL","","","3","EXTINCTION OF SURFACE STABILIZED GASEOUS DIFFUSION FLAMES: PART I SIMPLIFIED NUMERICAL MODEL AND IMPLICATIONS FOR SOLID FUELS IN FIRES","1","23","WOS:000314376300014","55","ENGINEERING, CIVIL; MATERIALS SCIENCE, MULTIDISCIPLINARY","3","ISI","UNIV ULSTER;UNIV DELAWARE;UNIV DELAWARE","UNIV ULSTER","","DELICHATSIOS MA, 2013, FIRE SAFETY J","DELICHATSIOS MA, 2013, FIRE SAFETY J"
"LACROIX B;MATHIEU P;KEMENY A","LACROIX, BENOIT;MATHIEU, PHILIPPE;KEMENY, ANDRAS","ANDERBERG MR, 1973, CLUSTER ANAL APPL;BARCELO J., 2002, INT S TRANSP SIM YOK;BAZZAN ALC, 2005, AUTON AGENT MULTI-AG, V10, P131, DOI 10.1007/S10458-004","IN INDIVIDUAL-CENTERED SIMULATIONS, THE VARIETY AND CONSISTENCY OF AGENTS' BEHAVIORS REINFORCE THE REALISM AND VALIDITY OF THE SIMULATION. VARIETY INC","","","","","","211","","RENAULT, TECH CTR SIMULAT, F-78288 GUYANCOURT, FRANCE.;  UNIV LILLE, DEPT COMP SCI, LIFL, F-59655 VILLENEUVE DASCQ, FRANCE.;","","","","","","2021-08-04","AGENT; AGENT-BASED SIMULATION; BEHAVIOR; VARIETY; CONSISTENCY; ROAD TRAFFIC","10.1016/j.engappai.2012.05.011","ARTICLE","","","","1873-6769","LACROIX.BENOIT@GMAIL.COM; PHILIPPE.MATHIEU@UNIV-LILLE1.FR; ANDRAS.KEMENY@RENAULT.COM","226","","","","075AA","","","MODEL","1","ENG APPL ARTIF INTEL","ENG. APPL. ARTIF. INTELL.","ENGLISH","30","","MATHIEU, PHILIPPE/0000-0003-2786-1209","THE BOULEVARD, LANGFORD LANE, KIDLINGTON, OXFORD OX5 1GB, ENGLAND","JAN","16","OXFORD","","","J","PERGAMON-ELSEVIER SCIENCE LTD","2013","","LACROIX, B (CORRESPONDING AUTHOR), UNIV LILLE, DEPT COMP SCI, LIFL, F-59655 VILLENEUVE DASCQ, FRANCE.","AUTOMATION & CONTROL SYSTEMS; COMPUTER SCIENCE; ENGINEERING","","","0952-1976","ENGINEERING APPLICATIONS OF ARTIFICIAL INTELLIGENCE","","","8","FORMALIZING THE CONSTRUCTION OF POPULATIONS IN MULTI-AGENT SIMULATIONS","0","16","WOS:000313855000017","26","AUTOMATION & CONTROL SYSTEMS; COMPUTER SCIENCE, ARTIFICIAL INTELLIGENCE; ENGINEERING, MULTIDISCIPLINARY; ENGINEERING, ELECTRICAL & ELECTRONIC","8","ISI","TECH CTR SIMULAT;UNIV LILLE","UNIV LILLE","","LACROIX B, 2013, ENG APPL ARTIF INTEL","LACROIX B, 2013, ENG APPL ARTIF INTEL"
"SHANG YL","SHANG, YILUN","CHEN Y, 2011, SYST CONTROL LETT, V60, P517, DOI 10.1016/J.SYSCONLE.2011.04.009;CHIANG M, 2007, P IEEE, V95, P255, DOI 10.1109/JPROC.2006.887322;CYBENK","WE ADDRESS L 1 GROUP CONSENSUS PROBLEMS OF NETWORKED MULTI-AGENT SYSTEMS WITH FIXED DIRECTED INFORMATION EXCHANGE IN THIS ARTICLE. A DISCRETE-TIME PRO","","","","","","1","","UNIV TEXAS SAN ANTONIO, INST CYBER SECUR, SAN ANTONIO, TX 78249 USA.;","","","","","","2021-08-04","GROUP CONSENSUS; MULTI-AGENT SYSTEM; DIRECTED GRAPH; L 1 CONVERGENCE","10.1080/00207179.2012.715753","ARTICLE","","","","1366-5820","SHYLMATH@HOTMAIL.COM","8","","","","073YD","","","NETWORKS; AGENTS","1","INT J CONTROL","INT. J. CONTROL","ENGLISH","38","","","2-4 PARK SQUARE, MILTON PARK, ABINGDON OR14 4RN, OXON, ENGLAND","JAN 1","8","ABINGDON","","","J","TAYLOR & FRANCIS LTD","2013","","SHANG, YL (CORRESPONDING AUTHOR), UNIV TEXAS SAN ANTONIO, INST CYBER SECUR, SAN ANTONIO, TX 78249 USA.","AUTOMATION & CONTROL SYSTEMS","","","0020-7179","INTERNATIONAL JOURNAL OF CONTROL","","","10","L 1 GROUP CONSENSUS OF MULTI-AGENT SYSTEMS WITH STOCHASTIC INPUTS UNDER DIRECTED INTERACTION TOPOLOGY","0","26","WOS:000313778100001","86","AUTOMATION & CONTROL SYSTEMS","10","ISI","UNIV TEXAS SAN ANTONIO","UNIV TEXAS SAN ANTONIO","","SHANG YL, 2013, INT J CONTROL","SHANG YL, 2013, INT J CONTROL"
"TORRES CRG;PEROTE LCCC;GUTIERREZ NC;PUCCI CR;BORGES AB","TORRES, C. R. G.;PEROTE, L. C. C. C.;GUTIERREZ, N. C.;PUCCI, C. R.;BORGES, A. B.","ASHCROFT AT, 2008, J DENT, V36, PS26, DOI 10.1016/J.JDENT.2008.02.007;BAGHERI R, 2005, J DENT, V33, P389, DOI 10.1016/J.JDENT.2004.10.018;BUREAU CENTR","OBJECTIVES: PEOPLE INCREASINGLY DESIRE TOOTH WHITENING. CONSIDERING THE WIDE RANGE OF WHITENING PRODUCTS ON THE MARKET, THIS STUDY EVALUATED THE EFFIC","","","","","","57","","UNESP UNIV ESTADUAL PAULISTA, SAO PAULO, BRAZIL.;","","","","","","2021-08-04","","10.2341/11-360-L","ARTICLE","","","","1559-2863","CARLOSRGT@FOSJC.UNESP.BR","62","","","","070VD","","","HYDROGEN-PEROXIDE; IN-VITRO; COLOR; SAFETY; DENTIN; ENAMEL","1","OPER DENT","OPER. DENT.","ENGLISH","23","BRONZE","PUCCI, CESAR ROGERIO/0000-0003-4830-0400; BORGES, ALESSANDRA B/0000-0001-7686-089X; TORRES, CARLOS/0000-0002-9485-5514; PUCCI, CESAR ROGERIO/0000-0003","INDIANA UNIV SCHOOL DENTISTRY, ROOM S411, 1121 WEST MICHIGAN ST, INDIANAPOLIS, IN 46202-5186 USA","JAN-FEB","6","INDIANAPOLIS","22770430","","J","OPERATIVE DENTISTRY INC","2013","PUCCI, CESAR ROGERIO/AAC-5846-2019; TORRES, CLAUDIA RODRIGUEZ/R-6827-2019; BORGES, ALESSANDRA B/D-7978-2013; TORRES, CARLOS/F-7217-2012; PUCCI, CESAR","TORRES, CRG (CORRESPONDING AUTHOR), SAO PAULO STATE UNIV, AV ENG FRANCISCO JOSE LONGO,777 JD SAO DIMAS, BR-12245000 SAO JOSE DOS CAMPOS, SP, BRAZIL.","DENTISTRY, ORAL SURGERY & MEDICINE","","","0361-7734","OPERATIVE DENTISTRY","","","23","EFFICACY OF MOUTH RINSES AND TOOTHPASTE ON TOOTH WHITENING","0","25","WOS:000313539900008","38","DENTISTRY, ORAL SURGERY & MEDICINE","27","ISI","UNESP UNIV ESTADUAL PAULISTA","SAO PAULO STATE UNIV","","TORRES CRG, 2013, OPER DENT","TORRES CRG, 2013, OPER DENT"
"ZHU JD;LU JH;YU XH","ZHU, JIANDONG;LU, JINHU;YU, XINGHUO","AJORLOU A, 2011, P AMER CONTR CONF, P499;BAGLIETTO G, 2009, PHYS REV E, V80, DOI 10.1103/PHYSREVE.80.050103;CECCARELLI N, 2008, AUTOMATICA, V44, P3025","MULTI-AGENT SYSTEMS ARE UBIQUITOUS IN THE REAL-WORLD AND HAVE RECEIVED AN INCREASING ATTENTION BY MANY RESEARCHERS WORLDWIDE. A MULTI-AGENT SYSTEM IS","","","","","","199","","NANJING NORMAL UNIV, SCH MATH SCI, NANJING 210046, JIANGSU, PEOPLES R CHINA.;  CHINESE ACAD SCI, INST SYST SCI, ACAD MATH & SYST SCI, BEIJING 100190,","","","","","","2021-08-04","COMPLEX NETWORKS; MULTI-AGENT NONHOLONOMIC SYSTEMS; FLOCKING; COLLISION AVOIDANCE; PROXIMITY GRAPH; PRESERVING CONNECTEDNESS","10.1109/TCSI.2012.2215715","ARTICLE","","","","1558-0806","ZHUJIANDONG@NJNU.EDU.CN; JHLU@ISS.AC.CN; X.YU@RMIT.EDU.AU","210","","NATIONAL NATURAL SCIENCE FOUNDATION OF CHINA (NSFC)NATIONAL NATURAL SCIENCE FOUNDATION OF CHINA (NSFC) [11271194, 61273115, 61074115, 10701042, 610250","THIS WORK WAS SUPPORTED BY THE NATIONAL NATURAL SCIENCE FOUNDATION OF CHINA (NSFC) UNDER GRANTS 11271194, 61273115, 61074115, 10701042, 61025017, AND","069JA","","","SWITCHING TOPOLOGY; KURAMOTO MODEL; SYNCHRONIZATION; CONSENSUS; COORDINATION; NETWORKS; AGENTS; CONNECTIVITY; STABILITY; BEHAVIOR","1","IEEE T CIRCUITS-I","IEEE TRANS. CIRCUITS SYST. I-REGUL. PAP.","ENGLISH","55","","YU, XINGHUO/0000-0001-8093-9787; LU, JINHU/0000-0003-0275-8387","445 HOES LANE, PISCATAWAY, NJ 08855-4141 USA","JAN","12","PISCATAWAY","","","J","IEEE-INST ELECTRICAL ELECTRONICS ENGINEERS INC","2013","YU, XINGHUO/D-8423-2013; LU, JINHU/B-6851-2013","ZHU, JD (CORRESPONDING AUTHOR), NANJING NORMAL UNIV, SCH MATH SCI, NANJING 210046, JIANGSU, PEOPLES R CHINA.","ENGINEERING","","","1549-8328","IEEE TRANSACTIONS ON CIRCUITS AND SYSTEMS I-REGULAR PAPERS","","","114","FLOCKING OF MULTI-AGENT NON-HOLONOMIC SYSTEMS WITH PROXIMITY GRAPHS","1","56","WOS:000313430000019","60","ENGINEERING, ELECTRICAL & ELECTRONIC","117","ISI","NANJING NORMAL UNIV;INST SYST SCI;RMIT UNIV","NANJING NORMAL UNIV","","ZHU JD, 2013, IEEE T CIRCUITS-I","ZHU JD, 2013, IEEE T CIRCUITS-I"
"ANAND KV;ROY A;MULLA I;BALBUDHE K;JAYARAMAN K;CHAKRAVARTHY SR","ANAND, K. V.;ROY, AVIRAL;MULLA, IRFAN;BALBUDHE, KISHOR;JAYARAMAN, K.;CHAKRAVARTHY, S. R.","BABUK VA, 2005, PROPELL EXPLOS PYROT, V30, P281, DOI 10.1002/PREP.200500012;BABUK VA, 1999, J PROPUL POWER, V15, P783, DOI 10.2514/2.5497;BANERJEE S,","SIXTEEN PROPELLANT FORMULATIONS BASED ON AMMONIUM PERCHLORATE (AP), HYDROXYL-TERMINATED POLYBUTADIENE, AND ALUMINIUM PARTICLES HAVE BEEN TESTED FOR SI","","","","","","2139","","INDIAN INST TECHNOL, DEPT AEROSP ENGN, MADRAS 600036, TAMIL NADU, INDIA.;","","","","","","2021-08-04","ALUMINIUM AGGLOMERATION; COMPOSITE PROPELLANTS; PLATEAU BURNING; MODEL SIMULATION","10.1016/j.proci.2012.07.024","ARTICLE","","","","1873-2704","SRC@AE.IITM.AC.IN","2146","","HIGH ENERGY MATERIALS RESEARCH LABORATORY, PUNE, INDIA","THIS WORK WAS PARTIALLY SUPPORTED BY THE HIGH ENERGY MATERIALS RESEARCH LABORATORY, PUNE, INDIA.","065ES","","","CONDENSED COMBUSTION PRODUCTS; SOLID-PROPELLANT; COMPUTER-MODEL; SANDWICHES; SURFACE; COLLECTION; PARTICLES; IGNITION","","P COMBUST INST","PROC. COMBUST. INST.","ENGLISH","23","","JAYARAMAN, KANDASAMY/0000-0002-4753-6385; KANDASAMY, JAYARAMAN/0000-0002-4753-6385; MULLA, IRFAN/0000-0003-1508-3083","STE 800, 230 PARK AVE, NEW YORK, NY 10169 USA","","8","NEW YORK","","2","J","ELSEVIER SCIENCE INC","2013","JAYARAMAN, KANDASAMY/AAI-7550-2020; KANDASAMY, JAYARAMAN/E-2913-2016; MULLA, IRFAN/A-1070-2015","CHAKRAVARTHY, SR (CORRESPONDING AUTHOR), INDIAN INST TECHNOL, DEPT AEROSP ENGN, MADRAS 600036, TAMIL NADU, INDIA.","THERMODYNAMICS; ENERGY & FUELS; ENGINEERING","","","1540-7489","PROCEEDINGS OF THE COMBUSTION INSTITUTE","","","27","EXPERIMENTAL DATA AND MODEL PREDICTIONS OF ALUMINIUM AGGLOMERATION IN AMMONIUM PERCHLORATE-BASED COMPOSITE PROPELLANTS INCLUDING PLATEAU-BURNING FORMU","0","32","WOS:000313131800028","34","THERMODYNAMICS; ENERGY & FUELS; ENGINEERING, CHEMICAL; ENGINEERING, MECHANICAL","37","ISI","INDIAN INST TECHNOL","INDIAN INST TECHNOL","","ANAND KV, 2013, P COMBUST INST","ANAND KV, 2013, P COMBUST INST"
"DONNEYS A;WEISS DM;DESHPANDE SS;AHSAN S;TCHANQUE-FOSSUO CN;SARHADDI D;LEVI B;GOLDSTEIN SA;BUCHMAN SR","DONNEYS, ALEXIS;WEISS, DANIELA M.;DESHPANDE, SAGAR S.;AHSAN, SALMAN;TCHANQUE-FOSSUO, CATHERINE N.;SARHADDI, DENIZ;LEVI, BENJAMIN;GOLDSTEIN, STEVEN A.;","AI-AQL ZS, 2008, J DENT RES, V87, P107, DOI 10.1177/154405910808700215;ARONSON J, 1994, CLIN ORTHOP RELAT R, P124;BLATT J, 1988, J LAB CLIN MED, V112,","BACKGROUND: MEDICALLY BASED EFFORTS AND ALTERNATIVE TREATMENT STRATEGIES TO PREVENT OR REMEDIATE THE CORROSIVE EFFECTS OF RADIOTHERAPY ON PATHOLOGIC F","","","","","","318","","UNIV MICHIGAN, CRANIOFACIAL RES LAB, PLAST SURG SECT, ANN ARBOR, MI 48109 USA.;  UNIV MICHIGAN, ORTHOPED RES LAB, DEPT ORTHOPED SURG, ANN ARBOR, MI 48","","","","","","2021-08-04","OSTEORADIONECROSIS; DEFEROXAMINE; PATHOLOGIC FRACTURE; ANGIOGENESIS; NON-UNION; RADIOTHERAPY","10.1016/j.bone.2012.10.014","ARTICLE","","","","1873-2763","SBUCHMAN@MED.UMICH.EDU","325","","NIHUNITED STATES DEPARTMENT OF HEALTH & HUMAN SERVICESNATIONAL INSTITUTES OF HEALTH (NIH) - USA [RO1 CA 12587-01, T32-GM 008616]; NATIONAL CANCER INST","FUNDING SUPPORT PROVIDED BY: NIH RO1 CA 12587-01 TO S. R. BUCHMAN AND NIH T32-GM 008616 FOR ALEXIS DONNEYS.","060BK","","","ANGIOGENESIS; RADIATION; RECONSTRUCTION; REGENERATION; REPAIR; MODEL; IRON; HEAD","1","BONE","BONE","ENGLISH","27","GREEN ACCEPTED","DESHPANDE, SAGAR/0000-0002-6130-613X","STE 800, 230 PARK AVE, NEW YORK, NY 10169 USA","JAN","8","NEW YORK","23085084","","J","ELSEVIER SCIENCE INC","2013","","BUCHMAN, SR (CORRESPONDING AUTHOR), UNIV MICHIGAN, SCH MED, PEDIAT PLAST SURG SECT, CS MOTT CHILDRENS HOSP 4 730, 1540 E HOSP DR, ANN ARBOR, MI 48109","ENDOCRINOLOGY & METABOLISM","","","8756-3282","BONE","","","50","LOCALIZED DEFEROXAMINE INJECTION AUGMENTS VASCULARITY AND IMPROVES BONY UNION IN PATHOLOGIC FRACTURE HEALING AFTER RADIOTHERAPY","2","15","WOS:000312750700037","52","ENDOCRINOLOGY & METABOLISM","51","ISI","UNIV MICHIGAN;UNIV MICHIGAN","UNIV MICHIGAN","","DONNEYS A, 2013, BONE","DONNEYS A, 2013, BONE"
"FORESTIERO A;PIZZUTI C;SPEZZANO G","FORESTIERO, AGOSTINO;PIZZUTI, CLARA;SPEZZANO, GIANDOMENICO","AGGARWAL C., 2007, DATA STREAMS MODELS;AGGARWAL C. C., 2003, P 29 INT C VER LARG, V29, P81, DOI DOI 10.1016/B978-012722442-8/50016-1;AGGARWAL CC, 2006","EXISTING DENSITY-BASED DATA STREAM CLUSTERING ALGORITHMS USE A TWO-PHASE SCHEME APPROACH CONSISTING OF AN ONLINE PHASE, IN WHICH RAW DATA IS PROCESSED","","","","","","1","","NATL RES COUNCIL ITALY CNR, I-87036 ARCAVACATA DI RENDE, CS, ITALY.;","","","","","","2021-08-04","DATA STREAMS; DENSITY-BASED CLUSTERING; BIO-INSPIRED FLOCKING MODEL","10.1007/s10618-011-0242-x","ARTICLE","","","","1573-756X","FORESTIERO@ICAR.CNR.IT; PIZZUTI@ICAR.CNR.IT; SPEZZANO@ICAR.CNR.IT","26","","","","064ZT","","","","1","DATA MIN KNOWL DISC","DATA MIN. KNOWL. DISCOV.","ENGLISH","30","","PIZZUTI, CLARA/0000-0001-7297-7126; FORESTIERO, AGOSTINO/0000-0002-3025-7689","VAN GODEWIJCKSTRAAT 30, 3311 GZ DORDRECHT, NETHERLANDS","JAN","26","DORDRECHT","","","J","SPRINGER","2013","FORESTIERO, AGOSTINO/AAW-9191-2020; PIZZUTI, CLARA/O-8885-2015","PIZZUTI, C (CORRESPONDING AUTHOR), NATL RES COUNCIL ITALY CNR, VIA P BUCCI 41C, I-87036 ARCAVACATA DI RENDE, CS, ITALY.","COMPUTER SCIENCE","","","1384-5810","DATA MINING AND KNOWLEDGE DISCOVERY","","","42","A SINGLE PASS ALGORITHM FOR CLUSTERING EVOLVING DATA STREAMS BASED ON SWARM INTELLIGENCE","0","26","WOS:000313116400001","26","COMPUTER SCIENCE, ARTIFICIAL INTELLIGENCE; COMPUTER SCIENCE, INFORMATION SYSTEMS","44","ISI","NATL RES COUNCIL ITALY CNR","NATL RES COUNCIL ITALY CNR","","FORESTIERO A, 2013, DATA MIN KNOWL DISC","FORESTIERO A, 2013, DATA MIN KNOWL DISC"
"GOWATY PA;HUBBELL SP","GOWATY, PATRICIA ADAIR;HUBBELL, STEPHEN P.","AH-KING M, BEHAV ECOLOGY ANIMAL;ANDERSON WW, 2007, P NATL ACAD SCI USA, V104, P4484, DOI 10.1073/PNAS.0611152104;ARNOLD SJ, 1994, AM NAT, V144, PS126,","FEMALE MATING FAILURES SEEM A PARADOX SIMILAR TO THE PARADOX OF POLYANDRY. TO ILLUSTRATE THE TWIN PARADOXES OF FEMALE MATING FAILURES AND POLYANDRY, W","","","","","","11","","DEPT ECOL & EVOLUTIONARY BIOL, LOS ANGELES, CA 90095 USA.;  INST ENVIRONM & SUSTAINABIL, LOS ANGELES, CA 90095 USA.;  SMITHSONIAN TROP RES INST, WASHI","","","","","","2021-08-04","MULTIPLE INSEMINATIONS; COST OF REPRODUCTION; DEMOGRAPHIC STOCHASTICITY; MATING THEORY; SWITCH POINT THEOREM; SEXUAL CONFLICT","10.1111/eea.12023","ARTICLE","","","","1570-7458","GOWATY@EEB.UCLA.EDU","25","","NSFNATIONAL SCIENCE FOUNDATION (NSF) [IBN-9631801, IBN-0911606, IOS-1121797]; DIVISION OF INTEGRATIVE ORGANISMAL SYSTEMSNATIONAL SCIENCE FOUNDATION (N","WE HAVE PRODUCED THESE MODELS OVER THE LAST 30 YEARS, WORKING TOGETHER FOR THE LAST 15. WE THANK EACH OTHER. WE THANK GABE ACEBO FOR TRANSLATING DYNAM","052TY","","","OPERATIONAL SEX-RATIO; FEMALE MATE CHOICE; DECREASE OFFSPRING VIABILITY; PREDATION RISK; REPRODUCTIVE ASYNCHRONY; SELECTION; PREFERENCES; PARASITES; C","1","ENTOMOL EXP APPL","ENTOMOL. EXP. APPL.","ENGLISH","77","BRONZE","","111 RIVER ST, HOBOKEN 07030-5774, NJ USA","JAN","15","HOBOKEN","","","J","WILEY","2013","","GOWATY, PA (CORRESPONDING AUTHOR), DEPT ECOL & EVOLUTIONARY BIOL, 621 CHARLES E YOUNG DR S, LOS ANGELES, CA 90095 USA.","ENTOMOLOGY","","SI","0013-8703","ENTOMOLOGIA EXPERIMENTALIS ET APPLICATA","","","11","THE EVOLUTIONARY ORIGINS OF MATING FAILURES AND MULTIPLE MATING","0","79","WOS:000312222600003","146","ENTOMOLOGY","11","ISI","INST ENVIRONM AND SUSTAINABIL;SMITHSONIAN TROP RES INST;POLISTES FDN","PA (CORRESPONDING AUTHOR)","","GOWATY PA, 2013, ENTOMOL EXP APPL","GOWATY PA, 2013, ENTOMOL EXP APPL"
"GUO YT;HOSSIENY N;CHU RKM;PARK CB;ZHOU NQ","GUO, YANTING;HOSSIENY, NEMAT;CHU, RAYMOND K. M.;PARK, CHUL B.;ZHOU, NANQIAO","AGARWAL PK, 2003, MACROMOLECULES, V36, P5226, DOI 10.1021/MA034154L;BARNETSON A., 2004, HDB POLYM FOAMS, P37;BEHRAVESH AH, 2010, POLYM ENG SCI, V50, P","IN RECENT YEARS, BEAD FOAMING TECHNOLOGY HAS BEEN OF GREAT INTEREST TO RESEARCHERS BECAUSE IT REPRESENTS A BREAKTHROUGH IN THE PRODUCTION OF LOW DENSI","","","","","","180","","S CHINA UNIV TECHNOL, NATL ENGN RES CTR NOVEL EQUIPMENT POLYMER PROC, KEY LAB POLYMER PROC ENGN, MINIST EDUC CHINA, GUANGZHOU 510640, GUANGDONG, PEOPL","","","","","","2021-08-04","BEAD FOAMING; EXPANDED POLYPROPYLENE; DOUBLE-PEAK MELTING BEHAVIOUR; CRYSTALLIZATION; DIE EFFECT","10.1016/j.cej.2012.10.043","ARTICLE","","","","1873-3212","PARK@MIE.UTORONTO.CA","188","","CONSORTIUM OF CELLULAR AND MICROCELLULAR PLASTICS (CCMCP); CHINA SCHOLARSHIP COUNCILCHINA SCHOLARSHIP COUNCIL","THE AUTHORS WOULD LIKE TO THANK THE HONAM PETROCHEMICAL COMPANY FOR GENEROUSLY DONATING THE PP USED IN THIS STUDY AND MEMBERS OF THE CONSORTIUM OF CEL","095GM","","","SHEAR-INDUCED CRYSTALLIZATION; DIE GEOMETRY; ISOTACTIC POLYPROPYLENE; NUMERICAL-SIMULATION; CELL NUCLEATION; POLYSTYRENE; EXPANSION; POLYETHYLENE","","CHEM ENG J","CHEM. ENG. J.","ENGLISH","43","","PARK, CHUL B/0000-0002-1702-1268","PO BOX 564, 1001 LAUSANNE, SWITZERLAND","JAN 1","9","LAUSANNE","","","J","ELSEVIER SCIENCE SA","2013","","PARK, CB (CORRESPONDING AUTHOR), UNIV TORONTO, DEPT MECH & IND ENGN, MICROCELLULAR PLAST MFG LAB, TORONTO, ON M5S 3G8, CANADA.","ENGINEERING","","","1385-8947","CHEMICAL ENGINEERING JOURNAL","","","60","CRITICAL PROCESSING PARAMETERS FOR FOAMED BEAD MANUFACTURING IN A LAB-SCALE AUTOCLAVE SYSTEM","1","67","WOS:000315322700023","214","ENGINEERING, ENVIRONMENTAL; ENGINEERING, CHEMICAL","64","ISI","S CHINA UNIV TECHNOL;UNIV TORONTO","UNIV TORONTO","","GUO YT, 2013, CHEM ENG J","GUO YT, 2013, CHEM ENG J"
"GALLETTA M;SCARAVAGGI S;MACERATA E;FAMULARI A;MELE A;PANZERI W;SANSONE F;CASNATI A;MARIANI M","GALLETTA, MICHELE;SCARAVAGGI, STEFANO;MACERATA, ELENA;FAMULARI, ANTONINO;MELE, ANDREA;PANZERI, WALTER;SANSONE, FRANCESCO;CASNATI, ALESSANDRO;MARIANI,","ALYAPYSHEV M. Y., 2004, RADIOCHEMISTRY, V46, P270;ALYAPYSHEV MY, 2008, MENDELEEV COMMUN, V18, P336, DOI 10.1016/J.MENCOM.2008.11.018;ANEHEIM E, 2011,","FOUR LIPOPHILIC 1,10-PHENANTHROLINE DI(THIO) AMIDE, DIESTER OR DIKETONE DERIVATIVES WERE STUDIED AS LIGANDS FOR AM(III)/EU(III) SEPARATION FROM ACIDIC","","","","","","16930","","POLITECN MILAN, DEPT ENERGY, I-20133 MILAN, ITALY.;  POLITECN MILAN, DEPT CHEM MAT & CHEM ENGN, I-20133 MILAN, ITALY.;  CNR IST CHIM RICONOSCIMENTO MO","","","","","","2021-08-04","","10.1039/c3dt52104d","ARTICLE","","","","1477-9234","CASNATI@UNIPR.IT; MARIO.MARIANI@POLIMI.IT","16938","","EUEUROPEAN COMMISSION [211267]","WE THANK THE EU (ACSEPT ACTINIDE RECYCLING BY SEPARATION AND TRANSMUTATION PROJECT 211267) FOR FINANCIAL SUPPORT.","258LX","","","METAL-IONS; 1,10-PHENANTHROLINE-2,9-DICARBOXYLIC ACID; EXTRACTION AGENTS; HIGHER CHARGE; SEPARATION; LANTHANIDES(III); ACTINIDES(III); COMPLEXATION; 2","48","DALTON T","DALTON TRANS.","ENGLISH","39","","SANSONE, FRANCESCO/0000-0003-0531-9865; FAMULARI, ANTONINO/0000-0001-5287-1092; MELE, ANDREA/0000-0002-0351-0538; PANZERI, WALTER/0000-0003-4191-4303;","THOMAS GRAHAM HOUSE, SCIENCE PARK, MILTON RD, CAMBRIDGE CB4 0WF, CAMBS, ENGLAND","","9","CAMBRIDGE","24091998","","J","ROYAL SOC CHEMISTRY","2013","SANSONE, FRANCESCO/L-7269-2015; FAMULARI, ANTONINO/L-1814-2013; MELE, ANDREA/C-7448-2011; PANZERI, WALTER/B-7681-2015; CASNATI, ALESSANDRO/G-8310-2011","CASNATI, A (CORRESPONDING AUTHOR), UNIV PARMA, DEPT CHEM, PARCO AREA SCI 17-A, I-43124 PARMA, ITALY.","CHEMISTRY","","","1477-9226","DALTON TRANSACTIONS","","","44","2,9-DICARBONYL-1,10-PHENANTHROLINE DERIVATIVES WITH AN UNPRECEDENTED AM(III)/EU(III) SELECTIVITY UNDER HIGHLY ACIDIC CONDITIONS","2","36","WOS:000327461900032","42","CHEMISTRY, INORGANIC & NUCLEAR","45","ISI","POLITECN MILAN;POLITECN MILAN;CNR IST CHIM RICONOSCIMENTO MOL;UNIV PARMA","UNIV PARMA","","GALLETTA M, 2013, DALTON T","GALLETTA M, 2013, DALTON T"
"LU ZX;LIU Q;HAN HT;ZHANG DH","LU, ZIXING;LIU, QIANG;HAN, HAITAO;ZHANG, DAHAI","BARTULI C, 2009, J EUR CERAM SOC, V29, P2979, DOI 10.1016/J.JEURCERAMSOC.2009.04.035;BECHER PF, 1996, ACTA MATER, V44, P3881, DOI 10.1016/S1359-6454(9","TWO TYPES OF POROUS SI3N4 CERAMICS WITH DIFFERENT POROSITY ARE FABRICATED BY GEL CASTING TECHNIQUE, WHERE THE HIGH PURE AL2O3 AND Y2O3 ARE SELECTED AS","","","","","","201","","BEIHANG UNIV, INST SOLID MECH, BEIJING 100191, PEOPLES R CHINA.;  NATL KEY LAB ADV FUNCT COMPOSITE MAT TECHNOL, BEIJING 100076, PEOPLES R CHINA.;","","","","","","2021-08-04","POROUS SI3N4 CERAMICS; COMPRESSION; FINITE ELEMENT; YOUNG'S MODULUS; STRENGTH","10.1016/j.msea.2012.08.081","ARTICLE","","","","1873-4936","LUZIXING@BUAA.EDU.CN","209","","NATIONAL NATURAL SCIENCE FOUNDATION OF CHINANATIONAL NATURAL SCIENCE FOUNDATION OF CHINA (NSFC) [11272030, 10932001, 11072015, 11002011]; SCIENTIFIC R","THE AUTHORS THANK THE SUPPORT FROM THE NATIONAL NATURAL SCIENCE FOUNDATION OF CHINA (11272030, 10932001, 11072015, AND 11002011) AND THE SCIENTIFIC RE","058HB","","","PORE-FORMING AGENT; O-N GLASSES; MECHANICAL-PROPERTIES; GRAIN-GROWTH; SI3N4 CERAMICS; MICROSTRUCTURAL DESIGN; FRACTURE-TOUGHNESS; OXYNITRIDE GLASSES;","","MAT SCI ENG A-STRUCT","MATER. SCI. ENG. A-STRUCT. MATER. PROP. MICROSTRUCT. PROCESS.","ENGLISH","42","","","PO BOX 564, 1001 LAUSANNE, SWITZERLAND","JAN 1","9","LAUSANNE","","","J","ELSEVIER SCIENCE SA","2013","","LU, ZX (CORRESPONDING AUTHOR), BEIHANG UNIV, INST SOLID MECH, BEIJING 100191, PEOPLES R CHINA.","SCIENCE & TECHNOLOGY - OTHER TOPICS; MATERIALS SCIENCE; METALLURGY & METALLURGICAL ENGINEERING","","","0921-5093","MATERIALS SCIENCE AND ENGINEERING A-STRUCTURAL MATERIALS PROPERTIES MICROSTRUCTURE AND PROCESSING","","","20","EXPERIMENT AND MODELING ON THE COMPRESSIVE BEHAVIORS FOR POROUS SILICON NITRIDE CERAMICS","1","60","WOS:000312623600025","559","NANOSCIENCE & NANOTECHNOLOGY; MATERIALS SCIENCE, MULTIDISCIPLINARY; METALLURGY & METALLURGICAL ENGINEERING","23","ISI","BEIHANG UNIV;NATL KEY LAB ADV FUNCT COMPOSITE MAT TECHNOL","BEIHANG UNIV","","LU ZX, 2013, MAT SCI ENG A-STRUCT","LU ZX, 2013, MAT SCI ENG A-STRUCT"
"MONTI S;BRAMANTI E;DELLA PORTA V;ONOR M;D'ULIVO A;BARONE V","MONTI, SUSANNA;BRAMANTI, EMILIA;DELLA PORTA, VALENTINA;ONOR, MASSIMO;D'ULIVO, ALESSANDRO;BARONE, VINCENZO","ALMORA-BARRIOS N, 2012, CRYST GROWTH DES, V12, P756, DOI 10.1021/CG201092S;AMI D, 2006, BBA-PROTEINS PROTEOM, V1764, P793, DOI 10.1016/J.BBAPAP.2005.1","THE BINDING OF CHLOROSULPHONATED PARAFFINS TO COLLAGEN TRIPLE HELICES IS STUDIED BY MEANS OF CLASSICAL MOLECULAR DYNAMICS SIMULATIONS AND EXPERIMENTAL","","","","","","14736","","CNR, INST CHEM ORGANOMETALL CPDS, UOS PISA, AREA RIC, I-56124 PISA, ITALY.;  SCUOLA NORMALE SUPER PISA, I-56126 PISA, ITALY.;","","","","","","2021-08-04","","10.1039/c3cp52404c","ARTICLE","","","","1463-9084","SAPEPTIDES@GMAIL.COM; BRAMANTI@PI.ICCOM.CNR.IT","14747","","EUROPEAN PROJECT LIFE+ ""ECOFATTING'' [2010 ENV/IT/364]","THIS WORK HAS BEEN FINANCIALLY SUPPORTED BY THE EUROPEAN PROJECT LIFE+ 2010 ENV/IT/364 ""ECOFATTING''. MANUELA CEMPINI AND ANTONUCCIO CEPPARRONE ARE KI","202EQ","","","PROTEIN SECONDARY STRUCTURE; MAILLARD CROSS-LINKING; MECHANICAL-PROPERTIES; OSTEOGENESIS IMPERFECTA; PRETANNING PROCESSES; AQUEOUS-SOLUTION; GELATIN F","35","PHYS CHEM CHEM PHYS","PHYS. CHEM. CHEM. PHYS.","ENGLISH","98","","D'ULIVO, ALESSANDRO/0000-0001-5847-5170; D'ULIVO, ALESSANDRO/0000-0001-5847-5170; ONOR, MASSIMO/0000-0003-3023-1072; BRAMANTI, EMILIA/0000-0001-8478-7","THOMAS GRAHAM HOUSE, SCIENCE PARK, MILTON RD, CAMBRIDGE CB4 0WF, CAMBS, ENGLAND","","12","CAMBRIDGE","23904010","","J","ROYAL SOC CHEMISTRY","2013","BRAMANTI, EMILIA/AAQ-9425-2021; D'ULIVO, ALESSANDRO/A-7099-2008; D'ULIVO, ALESSANDRO/L-2481-2019; ONOR, MASSIMO/A-4382-2012; BRAMANTI, EMILIA/E-1114-2","MONTI, S (CORRESPONDING AUTHOR), CNR, INST CHEM ORGANOMETALL CPDS, UOS PISA, AREA RIC, VIA G MORUZZI 1, I-56124 PISA, ITALY.","CHEMISTRY; PHYSICS","","","1463-9076","PHYSICAL CHEMISTRY CHEMICAL PHYSICS","","","15","INTERACTION OF COLLAGEN WITH CHLOROSULPHONATED PARAFFIN TANNING AGENTS: FOURIER TRANSFORM INFRARED SPECTROSCOPIC ANALYSIS AND MOLECULAR DYNAMICS SIMUL","0","42","WOS:000323196800022","15","CHEMISTRY, PHYSICAL; PHYSICS, ATOMIC, MOLECULAR & CHEMICAL","15","ISI","INST CHEM ORGANOMETALL CPDS;SCUOLA NORMALE SUPER PISA","INST CHEM ORGANOMETALL CPDS","","MONTI S, 2013, PHYS CHEM CHEM PHYS","MONTI S, 2013, PHYS CHEM CHEM PHYS"
"AIRED L;DOINIKOV AA;BOUAKAZ A","AIRED, LEILA;DOINIKOV, ALEXANDER A.;BOUAKAZ, AYACHE","BECHEL M., FLUID STRUCTURE INTE, P5;BERGEL DH, 1961, J PHYSIOL-LONDON, V156, P458, DOI 10.1113/JPHYSIOL.1961.SP006687;BERGEL DH, 1961, J PHYSIOL-LONDO","THE PURPOSE OF THE PRESENT SIMULATION STUDY IS TO REVEAL HOW CONFINING SURFACES WITH DIFFERENT MECHANICAL PROPERTIES AFFECT THE ACOUSTIC RESPONSE OF A","","","","","","23","","UNIV TOURS, CHU BRETONNEAU, CNRS ERL3106, INSERM,U930, F-37044 TOURS 9, FRANCE.;","","","","","","2021-08-04","CONTRAST AGENT; TARGETED IMAGING; ELASTIC WALL","10.1016/j.ultras.2012.03.008","ARTICLE","","","","","BOUAKAZ@MED.UNIV-TOURS.FR","28","","","","037EU","","","ULTRASOUND CONTRAST AGENTS; ARTERIAL WALL; OSCILLATION; SCATTERING; BUBBLES","1","ULTRASONICS","ULTRASONICS","ENGLISH","25","","BOUAKAZ, AYACHE/0000-0001-5709-7120","PO BOX 211, 1000 AE AMSTERDAM, NETHERLANDS","JAN","6","AMSTERDAM","22494471","","J","ELSEVIER SCIENCE BV","2013","BOUAKAZ, AYACHE/G-1757-2013","BOUAKAZ, A (CORRESPONDING AUTHOR), UNIV TOURS, CHU BRETONNEAU, CNRS ERL3106, INSERM,U930, 2 BLVD TONNELLE, F-37044 TOURS 9, FRANCE.","ACOUSTICS; RADIOLOGY, NUCLEAR MEDICINE & MEDICAL IMAGING","","","0041-624X","ULTRASONICS","","","9","EFFECT OF AN ELASTIC WALL ON THE DYNAMICS OF AN ENCAPSULATED MICROBUBBLE: A SIMULATION STUDY","0","33","WOS:000311085800003","53","ACOUSTICS; RADIOLOGY, NUCLEAR MEDICINE & MEDICAL IMAGING","9","ISI","UNIV TOURS","UNIV TOURS","","AIRED L, 2013, ULTRASONICS","AIRED L, 2013, ULTRASONICS"
"CROKIDAKIS N;ANTENEODO C","CROKIDAKIS, NUNO;ANTENEODO, CELIA","BISWAS S, 2012, PHYSICA A, V391, P3257, DOI 10.1016/J.PHYSA.2012.01.046;BISWAS S, 2011, PHYS REV E, V84, DOI 10.1103/PHYSREVE.84.056106;BLUME M, 1966,","WE ANALYZE THE CRITICAL BEHAVIOR OF A CLASS OF DISCRETE OPINION MODELS IN THE PRESENCE OF DISORDER. WITHIN THIS CLASS, EACH AGENT OPINION TAKES A DISC","061127","","","","","","","PONTIFICIA UNIV CATOLICA RIO DE JANEIRO, DEPT FIS, RIO DE JANEIRO, BRAZIL.;  NAT INST SCI & TECHNOL COMPLEX SYST, RIO DE JANEIRO, BRAZIL.;","","","","","","2021-08-04","","10.1103/PhysRevE.86.061127","ARTICLE","","","","1550-2376","NUNO.CROKIDAKIS@FIS.PUC-RIO.BR; CELIA@FIS.PUC-RIO.BR","","","FAPERJFUNDACAO CARLOS CHAGAS FILHO DE AMPARO A PESQUISA DO ESTADO DO RIO DE JANEIRO (FAPERJ); CAPESCOORDENACAO DE APERFEICOAMENTO DE PESSOAL DE NIVEL","THE AUTHORS ARE GRATEFUL TO THADEU PENNA FOR HAVING PROVIDED THE COMPUTATIONAL RESOURCES OF THE GROUP OF COMPLEX SYSTEMS OF THE UNIVERSIDADE FEDERAL F","059KA","","","SPONTANEOUS EMERGENCE; STATISTICAL PHYSICS; PHASE-TRANSITIONS; DYNAMICS; BEHAVIOR; SYSTEMS","6","PHYS REV E","PHYS. REV. E","ENGLISH","32","GREEN SUBMITTED","ANTENEODO, CELIA/0000-0001-9130-2933; ANTENEODO, CELIA/0000-0001-9130-2933; CROKIDAKIS, NUNO/0000-0002-3611-534X","ONE PHYSICS ELLIPSE, COLLEGE PK, MD 20740-3844 USA","DEC 21","6","COLLEGE PK","23367913","1","J","AMER PHYSICAL SOC","2012","ANTENEODO, CELIA/C-7179-2013; CROKIDAKIS, NUNO/C-5385-2013; ANTENEODO, CELIA/B-2021-2009","CROKIDAKIS, N (CORRESPONDING AUTHOR), PONTIFICIA UNIV CATOLICA RIO DE JANEIRO, DEPT FIS, RIO DE JANEIRO, BRAZIL.","PHYSICS","","","1539-3755","PHYSICAL REVIEW E","","","45","ROLE OF CONVICTION IN NONEQUILIBRIUM MODELS OF OPINION FORMATION","0","14","WOS:000312702800003","86","PHYSICS, FLUIDS & PLASMAS; PHYSICS, MATHEMATICAL","45","ISI","PONTIFICIA UNIV CATOLICA RIO DE JANEIRO;NAT INST SCI AND TECHNOL COMPLEX SYST","PONTIFICIA UNIV CATOLICA RIO DE JANEIRO","","CROKIDAKIS N, 2012, PHYS REV E","CROKIDAKIS N, 2012, PHYS REV E"
"FELIX A;BAQUERIZO A;SANTIAGO JM;LOSADA MA","FELIX, A.;BAQUERIZO, A.;SANTIAGO, J. M.;LOSADA, M. A.","ANANDA J, 2009, ECOL ECON, V68, P2535, DOI 10.1016/J.ECOLECON.2009.05.010;AVILA A, 2007, THESIS U GRANADA SPA;BAKUS GJ, 1982, ENVIRON MANAGE, V6, P493","THE METHODOLOGY FOR COASTAL MANAGEMENT PROPOSED IN THIS STUDY TAKES INTO ACCOUNT THE PHYSICAL PROCESSES OF THE COASTAL SYSTEM AND THE STOCHASTIC NATUR","","","","","","252","","UNIV GRANADA, GRP DINAM FLUJOS AMBIENTALES, INST INTERUNIV SISTEMA TIERRA ANDALUCIA, GRANADA 18006, SPAIN.;","","","","","","2021-08-04","STOCHASTIC MULTI-CRITERIA ANALYSIS; INTEGRATED COASTAL ZONE MANAGEMENT; DECISION MAKING UNDER UNCERTAINTY","10.1016/j.jenvman.2012.05.033","ARTICLE","","","","1095-8630","ABAQUERI@UGR.ES","266","","CONSEJO NACIONAL DE CIENCIA Y TECNOLOGIA (CONACYT, MEXICO)CONSEJO NACIONAL DE CIENCIA Y TECNOLOGIA (CONACYT); REGIONAL GOVERNMENT OF ANDALUSIAJUNTA DE","THE WORK DONE BY THE FIRST AUTHOR WAS FUNDED BY THE CONSEJO NACIONAL DE CIENCIA Y TECNOLOGIA (CONACYT, MEXICO). THE RESEARCH OF THE OTHER AUTHORS WAS","038QD","","","DECISION-MAKING; ACCEPTABILITY ANALYSIS; RESOURCE-MANAGEMENT; MULTIPLE CRITERIA; FOREST MANAGEMENT; SUPPORT; PREFERENCES","","J ENVIRON MANAGE","J. ENVIRON. MANAGE.","ENGLISH","46","","SANTIAGO-ZARAGOZA, JUAN M SNT/0000-0003-0703-0280; AZOFRA, ASUNCION BAQUERIZO/0000-0002-3339-0653; LOSADA, MIGUEL A/0000-0002-2071-3134; BAQUERIZO, AS","24-28 OVAL RD, LONDON NW1 7DX, ENGLAND","DEC 15","15","LONDON","22940123","","J","ACADEMIC PRESS LTD- ELSEVIER SCIENCE LTD","2012","SANTIAGO-ZARAGOZA, JUAN M SNT/F-7628-2016; AZOFRA, ASUNCION BAQUERIZO/AAG-6934-2020; LOSADA, MIGUEL A/G-9713-2015; BAQUERIZO, ASUNCION/G-9767-2015","BAQUERIZO, A (CORRESPONDING AUTHOR), UNIV GRANADA, GRP DINAM FLUJOS AMBIENTALES, INST INTERUNIV SISTEMA TIERRA ANDALUCIA, AVDA MEDITERRANEO S-N, GRANA","ENVIRONMENTAL SCIENCES & ECOLOGY","","","0301-4797","JOURNAL OF ENVIRONMENTAL MANAGEMENT","","","34","COASTAL ZONE MANAGEMENT WITH STOCHASTIC MULTI-CRITERIA ANALYSIS","0","31","WOS:000311188300026","112","ENVIRONMENTAL SCIENCES","34","ISI","UNIV GRANADA","UNIV GRANADA","","FELIX A, 2012, J ENVIRON MANAGE","FELIX A, 2012, J ENVIRON MANAGE"
"XIONG F;LIU Y","XIONG, FEI;LIU, YUN","ADAMIC LA, 2000, SCIENCE, V287, DOI 10.1126/SCIENCE.287.5461.2115A;ALBERT R, 2000, PHYS REV LETT, V85, P5234, DOI 10.1103/PHYSREVLETT.85.5234;ALBERT R","BULLETIN BOARD SYSTEMS (BBSS) HAVE DEMONSTRATED THEIR USEFULNESS IN SPREADING INFORMATION. IN BBS FORUMS, A FEW POSTS THAT ADDRESS CURRENTLY POPULAR S","E50912","","","","","","","BEIJING JIAOTONG UNIV, SCH ELECT & INFORMAT ENGN, BEIJING, PEOPLES R CHINA.;  BEIJING JIAOTONG UNIV, KEY LAB COMMUN & INFORMAT SYST, BEIJING MUNICIPAL","","","","","","2021-08-04","","10.1371/journal.pone.0050912","ARTICLE","","","","","LIUYUN@BJTU.EDU.CN","","","STATE NATURAL SCIENCES FUNDNATIONAL NATURAL SCIENCE FOUNDATION OF CHINA (NSFC) [61172072, 61271308]; BEIJING NATURAL SCIENCE FOUNDATIONBEIJING NATURAL","THIS WORK HAS BEEN SUPPORTED BY THE STATE NATURAL SCIENCES FUND UNDER GRANTS 61172072, 61271308, THE BEIJING NATURAL SCIENCE FOUNDATION UNDER GRANT 41","066QV","","","NETWORKS; DYNAMICS","12","PLOS ONE","PLOS ONE","ENGLISH","33","GREEN PUBLISHED, GOLD, GREEN SUBMITTED","","1160 BATTERY STREET, STE 100, SAN FRANCISCO, CA 94111 USA","DEC 12","7","SAN FRANCISCO","23251401","","J","PUBLIC LIBRARY SCIENCE","2012","","LIU, Y (CORRESPONDING AUTHOR), BEIJING JIAOTONG UNIV, SCH ELECT & INFORMAT ENGN, BEIJING, PEOPLES R CHINA.","SCIENCE & TECHNOLOGY - OTHER TOPICS","","","1932-6203","PLOS ONE","","","5","EMPIRICAL ANALYSIS AND MODELING OF USERS' TOPIC INTERESTS IN ONLINE FORUMS","0","42","WOS:000313236200048","7","MULTIDISCIPLINARY SCIENCES","7","ISI","BEIJING JIAOTONG UNIV;BEIJING JIAOTONG UNIV","BEIJING JIAOTONG UNIV","","XIONG F, 2012, PLOS ONE","XIONG F, 2012, PLOS ONE"
"LYSENKO EA;KULEBYAKINA AI;CHELUSHKIN PS;RUMYANTSEV AM;KRAMARENKO EY;ZEZIN AB","LYSENKO, EVGENY A.;KULEBYAKINA, ALEVTINA I.;CHELUSHKIN, PAVEL S.;RUMYANTSEV, ARTEM M.;KRAMARENKO, ELENA YU.;ZEZIN, ALEXANDER B.","ATTIA ABE, 2011, CURR OPIN COLLOID IN, V16, P182, DOI 10.1016/J.COCIS.2010.10.003;BALLAUFF M, 2007, PROG POLYM SCI, V32, P1135, DOI 10.1016/J.PROGPOLY","POLYMER MICELLES WITH HYDROPHOBIC POLYSTYRENE (PS) CORE AND IONIC AMPHIPHILIC CORONA FROM CHARGED N-ETHYL-4-VINYLPYRIDINIUM BROMIDE (EVP) AND UNCHARGE","","","","","","17108","","MOSCOW MV LOMONOSOV STATE UNIV, DEPT CHEM, CHAIR POLYMER SCI, MOSCOW 119991, RUSSIA.;  NATL RES CTR KURCHATOV INST, MOSCOW 123182, RUSSIA.;  RUSSIAN A","","","","","","2021-08-04","","10.1021/la3026039","ARTICLE","","","","","LYSENKO@GENEBEE.MSU.RU","17117","","RUSSIAN FOUNDATION FOR BASIC RESEARCHRUSSIAN FOUNDATION FOR BASIC RESEARCH (RFBR) [10-03-00392A]","THE AUTHORS EXPRESS THEIR SINCERE GRATITUDE TO PROF. ADI EISENBERG (MCGILL UNIVERSITY, MONTREAL, CANADA) FOR SYNTHESIS OF PS-B-P4VP SAMPLE. THE FINANC","051JK","","","BLOCK-COPOLYMER MICELLES; MONTE-CARLO SIMULATIONS; AQUEOUS-MEDIA; DIBLOCK COPOLYMERS; POLYELECTROLYTE BLOCK; LIGHT-SCATTERING; CREW-CUT; POLYISOBUTYLE","49","LANGMUIR","LANGMUIR","ENGLISH","51","","RUMYANTSEV, ARTEM M./0000-0002-0339-2375; CHELUSHKIN, PAVEL/0000-0001-8922-506X; ZEZIN, ALEKSANDR/0000-0002-6268-1927;","1155 16TH ST, NW, WASHINGTON, DC 20036 USA","DEC 11","10","WASHINGTON","23137284","","J","AMER CHEMICAL SOC","2012","KULEBYAKINA, ALEVTINA/G-9677-2011; RUMYANTSEV, ARTEM M./G-8931-2016; CHELUSHKIN, PAVEL/Q-2779-2016; ZEZIN, ALEKSANDR/D-2638-2015; KRAMARENKO, ELENA/K-","LYSENKO, EA (CORRESPONDING AUTHOR), MOSCOW MV LOMONOSOV STATE UNIV, DEPT CHEM, CHAIR POLYMER SCI, MOSCOW 119991, RUSSIA.","CHEMISTRY; MATERIALS SCIENCE","","","0743-7463","LANGMUIR","","","9","POLYMER MICELLES WITH HYDROPHOBIC CORE AND IONIC AMPHIPHILIC CORONA. 1. STATISTICAL DISTRIBUTION OF CHARGED AND NONPOLAR UNITS IN CORONA","0","59","WOS:000312122300046","28","CHEMISTRY, MULTIDISCIPLINARY; CHEMISTRY, PHYSICAL; MATERIALS SCIENCE, MULTIDISCIPLINARY","9","ISI","MOSCOW MV LOMONOSOV STATE UNIV;NATL RES CTR KURCHATOV INST;INST MACROMOL CPDS;MOSCOW MV LOMONOSOV STATE UNIV","MOSCOW MV LOMONOSOV STATE UNIV","","LYSENKO EA, 2012, LANGMUIR","LYSENKO EA, 2012, LANGMUIR"
"NOURI N;ZIAEI-RAD S","NOURI, NIMA;ZIAEI-RAD, SAEED","AL-OSTAZ A, 2008, J MATER SCI, V43, P164, DOI 10.1007/S10853-007-2132-6;ALDER BJ, 1957, J CHEM PHYS, V27, P1208, DOI 10.1063/1.1743957;ALDER BJ, 1959,","USING MOLECULAR DYNAMIC (MD) SIMULATION, THE MECHANICAL PROPERTIES OF A BUCKYPAPER/EPOXY COMPOSITE WERE CALCULATED. IN ORDER TO SIMULATE A LARGE MODEL","","","","","","2144","","ISFAHAN UNIV TECHNOL, DEPT MECH ENGN, ESFAHAN 8415683111, IRAN.;","","","","","","2021-08-04","BUCKYPAPER/EPOXY COMPOSITES; MOLECULAR DYNAMICS; GRAPHICAL PROCESSING UNITS (GPU); CARBON NANOTUBES (CNTS); FAILURE BEHAVIOR; ELASTIC MODULUS","10.1166/jctn.2012.2630","ARTICLE","","","","1546-1963","","2154","","","","082DS","","","CARBON NANOTUBES; POLYMERS","12","J COMPUT THEOR NANOS","J. COMPUT. THEOR. NANOSCI.","ENGLISH","26","","NOURI, NIMA/0000-0002-3033-9203","26650 THE OLD RD, STE 208, VALENCIA, CA 91381-0751 USA","DEC","11","VALENCIA","","","J","AMER SCIENTIFIC PUBLISHERS","2012","NOURI, NIMA/G-6350-2010","ZIAEI-RAD, S (CORRESPONDING AUTHOR), ISFAHAN UNIV TECHNOL, DEPT MECH ENGN, ESFAHAN 8415683111, IRAN.","CHEMISTRY; SCIENCE & TECHNOLOGY - OTHER TOPICS; MATERIALS SCIENCE; PHYSICS","","","1546-1955","JOURNAL OF COMPUTATIONAL AND THEORETICAL NANOSCIENCE","","","4","MECHANICAL PROPERTY EVALUATION OF BUCKYPAPER/EPOXY COMPOSITES USING MOLECULAR DYNAMICS SIMULATIONS FULLY IMPLEMENTED ON GRAPHICAL PROCESSING UNITS","1","42","WOS:000314373100024","9","CHEMISTRY, MULTIDISCIPLINARY; NANOSCIENCE & NANOTECHNOLOGY; MATERIALS SCIENCE, MULTIDISCIPLINARY; PHYSICS, APPLIED; PHYSICS, CONDENSED MATTER","4","ISI","ISFAHAN UNIV TECHNOL","ISFAHAN UNIV TECHNOL","","NOURI N, 2012, J COMPUT THEOR NANOS","NOURI N, 2012, J COMPUT THEOR NANOS"
"LIU B;HU WN;ZHANG J;SU HS","LIU BO;HU WEI-NA;ZHANG JIE;SU HOU-SHENG","CAI N, 2010, IET CONTROL THEORY A, V4, P646, DOI 10.1049/IET-CTA.2008.0202;JI ZJ, 2010, INT J CONTROL, V83, P371, DOI 10.1080/00207170903171330;JIANG","THIS PAPER INVESTIGATES CONTROLLABILITY OF DISCRETE-TIME MULTI-AGENT SYSTEMS WITH MULTIPLE LEADERS ON FIXED NETWORKS. THE LEADERS ARE PARTICULAR AGENT","","","","","","856","","HUAZHONG UNIV SCI & TECHNOL, EDUC MINIST CHINA, DEPT CONTROL SCI & ENGN, KEY LAB IMAGE PROC & INTELLIGENT CONTROL, WUHAN 430074, PEOPLES R CHINA.;  N","","","","","","2021-08-04","MULTI-AGENT SYSTEMS; FIXED TOPOLOGY; CONTROLLABILITY; CONTROLLABLE MATRIX","10.1088/0253-6102/58/6/12","ARTICLE","","","","1572-9494","HOUSHENGSU@GMAIL.COM","862","","NATIONAL NATURAL SCIENCE FOUNDATION OF CHINANATIONAL NATURAL SCIENCE FOUNDATION OF CHINA (NSFC) [61104140]; FUNDAMENTAL RESEARCH FUNDS FOR THE CENTRAL","SUPPORTED IN PART BY THE NATIONAL NATURAL SCIENCE FOUNDATION OF CHINA UNDER GRANT NO. 61104140, THE FUNDAMENTAL RESEARCH FUNDS FOR THE CENTRAL UNIVERS","058YL","","","FLOCKING; AGENTS; CONSENSUS","6","COMMUN THEOR PHYS","COMMUN. THEOR. PHYS.","ENGLISH","30","","SU, HOUSHENG/0000-0002-7321-2923","TEMPLE CIRCUS, TEMPLE WAY, BRISTOL BS1 6BE, ENGLAND","DEC","7","BRISTOL","","","J","IOP PUBLISHING LTD","2012","SU, HOUSHENG/G-4455-2010","SU, HS (CORRESPONDING AUTHOR), HUAZHONG UNIV SCI & TECHNOL, EDUC MINIST CHINA, DEPT CONTROL SCI & ENGN, KEY LAB IMAGE PROC & INTELLIGENT CONTROL, WUHA","PHYSICS","","","0253-6102","COMMUNICATIONS IN THEORETICAL PHYSICS","","","17","CONTROLLABILITY OF DISCRETE-TIME MULTI-AGENT SYSTEMS WITH MULTIPLE LEADERS ON FIXED NETWORKS","0","23","WOS:000312671100012","58","PHYSICS, MULTIDISCIPLINARY","18","ISI","HUAZHONG UNIV SCI AND TECHNOL;N CHINA UNIV TECHNOL","HUAZHONG UNIV SCI AND TECHNOL","","LIU B, 2012, COMMUN THEOR PHYS","LIU B, 2012, COMMUN THEOR PHYS"
"CHAZELLE B","CHAZELLE, BERNARD","AFEK Y, 2011, SCIENCE, V331, P183, DOI 10.1126/SCIENCE.1193210;BONIFACI V., 2012, P 23 ANN ACM SIAM S, P233;CAMAZINE S., 2001, SELF ORG BIOL SYSTEM;CH","ALGORITHMS OFFER A RICH, EXPRESSIVE LANGUAGE FOR MODELERS OF BIOLOGICAL AND SOCIAL SYSTEMS. THEY LAY THE GROUNDS FOR NUMERICAL SIMULATIONS AND, CRUCIA","","","","","","101","","PRINCETON UNIV, DEPT COMP SCI, PRINCETON, NJ 08544 USA.;","","","","","","2021-08-04","","10.1145/2380656.2380679","ARTICLE","","","","1557-7317","CHAZELLE@CS.PRINCETON.EDU","110","","NSFNATIONAL SCIENCE FOUNDATION (NSF) [CCF-0832797, CCF-0963825, CCF-1016250]","I WISH TO THANK ANDREW APPEL, STAN LEIBLER, RONITT RUBINFELD, DAVID WALKER, AND THE ANONYMOUS REFEREE FOR HELPFUL COMMENTS AND SUGGESTIONS. THIS WORK","059ZR","","","POPULATIONS; BEHAVIOR; BIOLOGY","12","COMMUN ACM","COMMUN. ACM","ENGLISH","25","GREEN PUBLISHED","","2 PENN PLAZA, STE 701, NEW YORK, NY 10121-0701 USA","DEC","10","NEW YORK","","","J","ASSOC COMPUTING MACHINERY","2012","","CHAZELLE, B (CORRESPONDING AUTHOR), PRINCETON UNIV, DEPT COMP SCI, PRINCETON, NJ 08544 USA.","COMPUTER SCIENCE","","","0001-0782","COMMUNICATIONS OF THE ACM","","","19","NATURAL ALGORITHMS AND INFLUENCE SYSTEMS","0","6","WOS:000312744900028","55","COMPUTER SCIENCE, HARDWARE & ARCHITECTURE; COMPUTER SCIENCE, SOFTWARE ENGINEERING; COMPUTER SCIENCE, THEORY & METHODS","20","ISI","PRINCETON UNIV","PRINCETON UNIV","","CHAZELLE B, 2012, COMMUN ACM","CHAZELLE B, 2012, COMMUN ACM"
"ORTEGA RA;GIORGIO TD","ORTEGA, RYAN A.;GIORGIO, TODD D.","ARBAB AS, 2005, NMR BIOMED, V18, P553, DOI 10.1002/NBM.991;ARTMANN B., 1999, EUCLID CREATION MATH;BARINOV GI, 2006, PHYS SOLID STATE+, V48, P84, DOI 1","SUPERPARAMAGNETIC IRON OXIDE NANOPARTICLES (SPIONS) EXHIBIT UNIQUE MAGNETIC PROPERTIES THAT MAKE THEM HIGHLY EFFICACIOUS AS MR IMAGING CONTRAST AGENTS","1282","","","","","","","VANDERBILT UNIV, DEPT BIOMED ENGN, VU STN B 351631, STEVENSON CTR 5824, NASHVILLE, TN 37235 USA.;","","","","","","2021-08-04","SUPERPARAMAGNETISM; MAGNETIC NANOPARTICLES; NANOPARTICLE DESIGN TOOL; MAGNETIC CONTRAST AGENTS","10.1007/s11051-012-1282-x","ARTICLE","","","","1572-896X","TODD.D.GIORGIO@VANDERBILT.EDU","","","","","062BN","","","MR CONTRAST AGENTS; MAGHEMITE; SIZE; PARTICLES; RANGE","12","J NANOPART RES","J. NANOPART. RES.","ENGLISH","37","","GIORGIO, TODD/0000-0002-9557-1425","VAN GODEWIJCKSTRAAT 30, 3311 GZ DORDRECHT, NETHERLANDS","DEC","12","DORDRECHT","","","J","SPRINGER","2012","","GIORGIO, TD (CORRESPONDING AUTHOR), VANDERBILT UNIV, DEPT BIOMED ENGN, VU STN B 351631, STEVENSON CTR 5824, NASHVILLE, TN 37235 USA.","CHEMISTRY; SCIENCE & TECHNOLOGY - OTHER TOPICS; MATERIALS SCIENCE","","","1388-0764","JOURNAL OF NANOPARTICLE RESEARCH","","","13","A MATHEMATICAL MODEL OF SUPERPARAMAGNETIC IRON OXIDE NANOPARTICLE MAGNETIC BEHAVIOR TO GUIDE THE DESIGN OF NOVEL NANOMATERIALS","0","36","WOS:000312894200027","14","CHEMISTRY, MULTIDISCIPLINARY; NANOSCIENCE & NANOTECHNOLOGY; MATERIALS SCIENCE, MULTIDISCIPLINARY","13","ISI","VANDERBILT UNIV","VANDERBILT UNIV","","ORTEGA RA, 2012, J NANOPART RES","ORTEGA RA, 2012, J NANOPART RES"
"ORMAZABAL-TOLEDO R;CASTRO EA;SANTOS JG;MILLAN D;CANETE A;CONTRERAS R;CAMPODONICO PR","ORMAZABAL-TOLEDO, RODRIGO;CASTRO, ENRIQUE A.;SANTOS, JOSE G.;MILLAN, DANIELA;CANETE, ALVARO;CONTRERAS, RENATO;CAMPODONICO, PAOLA R.","AYERS PW, 2005, PHYS CHEM CHEM PHYS, V7, P1918, DOI 10.1039/B500996K;AYERS PW, 2005, INT J QUANTUM CHEM, V101, P520, DOI 10.1002/QUA.20307;BRUICE T. C","IN NUCLEOPHILIC SUBSTITUTION REACTIONS AT CARBONYL CENTRES, THERE ARE TWO POSSIBLE CHANNELS. THE FIRST ONE OCCURS WHEN THE ATTACK OF NUCLEOPHILIC AGEN","","","","","","1359","","UNIV CHILE, FAC CIENCIAS, DEPT QUIM, SANTIAGO, CHILE.;  PONTIFICIA UNIV CATOLICA CHILE, FAC QUIM, SANTIAGO 6094411, CHILE.;  CLIN ALEMANA UNIV DESARRO","","","","","","2021-08-04","CARBONYL DERIVATIVES; ELECTRON DENSITY REORGANIZATION; GROUP FUKUI FUNCTION; KINETIC MEASUREMENTS; REACTION MECHANISMS","10.1002/poc.3048","ARTICLE","","","","1099-1395","RORMAZABAL@U.UCHILE.CL","1364","","CILIS; FONDO DE INNOVACION PARA LA COMPETITIVIDAD, DEL MINISTERIO DE ECONOMIA, FOMENTO Y TURISMO, CHILE; FONDECYT OF CHILECOMISION NACIONAL DE INVESTI","WORK SUPPORTED BY PROJECT ICM-P10-003-F, CILIS, GRANTED BY FONDO DE INNOVACION PARA LA COMPETITIVIDAD, DEL MINISTERIO DE ECONOMIA, FOMENTO Y TURISMO,","065CR","","","O-ETHYL DITHIOCARBONATES; CONTRASTING REACTIVITY; ELECTROPHILIC CENTER; CARBOXYLIC ESTERS; AMINOLYSIS; KINETICS; PHENYL; 4-NITROPHENYL; 2,4-DINITROPHE","12","J PHYS ORG CHEM","J. PHYS. ORG. CHEM.","ENGLISH","50","","ORMAZABAL-TOLEDO, RODRIGO/0000-0003-1777-0426; CONTRERAS, RENATO/0000-0001-6137-9534; CAMPODONICO, PAOLA/0000-0001-6603-4543; ORMAZABAL-TOLEDO, RODRIG","111 RIVER ST, HOBOKEN 07030-5774, NJ USA","DEC","6","HOBOKEN","","","J","WILEY","2012","CASTRO, ENRIQUE A./E-2403-2011; ORMAZABAL-TOLEDO, RODRIGO/AAO-5694-2020; CONTRERAS, RENATO/I-2507-2013; CAMPODONICO, PAOLA/L-9664-2014; ORMAZABAL-TOLE","ORMAZABAL-TOLEDO, R (CORRESPONDING AUTHOR), UNIV CHILE, FAC CIENCIAS, DEPT QUIM, CASILLA 653, SANTIAGO, CHILE.","CHEMISTRY","","","0894-3230","JOURNAL OF PHYSICAL ORGANIC CHEMISTRY","","","2","PREDICTING THE REACTION MECHANISM OF NUCLEOPHILIC SUBSTITUTIONS AT CARBONYL AND THIOCARBONYL CENTRES OF ESTERS AND THIOESTERS","0","21","WOS:000313125800038","25","CHEMISTRY, ORGANIC; CHEMISTRY, PHYSICAL","2","ISI","UNIV CHILE;PONTIFICIA UNIV CATOLICA CHILE;CLIN ALEMANA UNIV DESARROLLO","UNIV CHILE","","ORMAZABAL-TOLEDO R, 2012, J PHYS ORG CHEM","ORMAZABAL-TOLEDO R, 2012, J PHYS ORG CHEM"
"WOJTUSIAK J;WARDEN T;HERZOG O","WOJTUSIAK, JANUSZ;WARDEN, TOBIAS;HERZOG, OTTHEIN","ANGLUIN D., 1992, PROCEEDINGS OF THE TWENTY-FOURTH ANNUAL ACM SYMPOSIUM ON THE THEORY OF COMPUTING, P351, DOI 10.1145/129712.129746;BECKER M, 2006, 20","MULTIAGENT-BASED SIMULATION IS AN APPROACH, TO REALIZE STOCHASTIC SIMULATION WHERE BOTH THE BEHAVIOR OF THE MODELED MULTIAGENT SYSTEM AND DYNAMIC ASPE","","","","","","3658","","GEORGE MASON UNIV, FAIRFAX, VA 22030 USA.;  UNIV BREMEN, D-28359 BREMEN, GERMANY.;","","","","","","2021-08-04","MULTIAGENT SYSTEMS; MULTIAGENT-BASED SIMULATION; MACHINE LEARNING; INFERENTIAL THEORY OF LEARNING; AUTONOMOUS LOGISTICS","10.1016/j.camwa.2012.01.079","ARTICLE","","","","1873-7668","JWOJTUSI@GMU.EDU; WARDEN@TZI.DE; HERZOG@TZI.DE","3665","","GERMAN RESEARCH FOUNDATION (DFG) WITHIN THE COLLABORATIVE RESEARCH CENTRE 637GERMAN RESEARCH FOUNDATION (DFG); NATIONAL SCIENCE FOUNDATIONNATIONAL SCI","THIS RESEARCH HAS BEEN SUPPORTED IN PART BY THE GERMAN RESEARCH FOUNDATION (DFG) WITHIN THE COLLABORATIVE RESEARCH CENTRE 637 AUTONOMOUS COOPERATING L","055LY","","","SYSTEM; MODEL","12","COMPUT MATH APPL","COMPUT. MATH. APPL.","ENGLISH","29","BRONZE","HERZOG, OTTHEIN/0000-0003-4781-2551","THE BOULEVARD, LANGFORD LANE, KIDLINGTON, OXFORD OX5 1GB, ENGLAND","DEC","8","OXFORD","","","J","PERGAMON-ELSEVIER SCIENCE LTD","2012","HERZOG, OTTHEIN/ABD-1774-2020","WOJTUSIAK, J (CORRESPONDING AUTHOR), GEORGE MASON UNIV, 4400 UNIV DR, FAIRFAX, VA 22030 USA.","MATHEMATICS","","SI","0898-1221","COMPUTERS & MATHEMATICS WITH APPLICATIONS","","","12","MACHINE LEARNING IN AGENT-BASED STOCHASTIC SIMULATION: INFERENTIAL THEORY AND EVALUATION IN TRANSPORTATION LOGISTICS","0","37","WOS:000312419100002","64","MATHEMATICS, APPLIED","12","ISI","GEORGE MASON UNIV;UNIV BREMEN","GEORGE MASON UNIV","","WOJTUSIAK J, 2012, COMPUT MATH APPL","WOJTUSIAK J, 2012, COMPUT MATH APPL"
"JASSO H;TRIESCH J;DEAK G;LEWIS JM","JASSO, HECTOR;TRIESCH, JOCHEN;DEAK, GEDEON;LEWIS, JOSHUA M.","ANSTIS SM, 1969, AM J PSYCHOL, V82, P474, DOI 10.2307/1420441;BARON-COHEN S., 1995, MINDBLINDNESS ESSAY;BATES E., 1979, DEV PRAGMATICS, P111, 129;BATE","GAZE FOLLOWING, THE ABILITY TO REDIRECT ONE'S VISUAL ATTENTION TO LOOK AT WHAT ANOTHER PERSON IS SEEING, IS FOUNDATIONAL FOR IMITATION, WORD LEARNING,","","","","","","257","","UNIV CALIF SAN DIEGO, DEPT COMP SCI & ENGN, LA JOLLA, CA 92093 USA.;  GOETHE UNIV FRANKFURT, FRANKFURT INST ADV STUDIES, D-60438 FRANKFURT, GERMANY.;","","","","","","2021-08-04","ADAPTIVE SYSTEMS; ARTIFICIAL INTELLIGENCE; AUTONOMOUS MENTAL DEVELOPMENT; BEHAVIORAL SCIENCE; COGNITION; COGNITIVE SCIENCE; COMPUTATIONAL AND ARTIFICI","10.1109/TAMD.2012.2208640","ARTICLE","","","","1943-0612","HJASSO@CS.UCSD.EDU; TRIESCH@FIAS.UNI-FRANKFURT-DE; DEAK@COGSCI.UCSD.EDU; JOSH@COGSCI.UCSD.EDU","272","","","","056IX","","","JOINT VISUAL-ATTENTION; CONTRAST-SENSITIVITY; EYE; MODEL; ME; PERCEPTION; DIRECTION; NEURONS; LOOKING","4","IEEE T AUTON MENT DE","IEEE TRANS. AUTON. MENT. DEV.","ENGLISH","70","GREEN PUBLISHED","DEAK, GEDEON/0000-0001-8656-8796","445 HOES LANE, PISCATAWAY, NJ 08855-4141 USA","DEC","16","PISCATAWAY","","","J","IEEE-INST ELECTRICAL ELECTRONICS ENGINEERS INC","2012","","JASSO, H (CORRESPONDING AUTHOR), UNIV CALIF SAN DIEGO, DEPT COMP SCI & ENGN, LA JOLLA, CA 92093 USA.","COMPUTER SCIENCE; ROBOTICS; NEUROSCIENCES & NEUROLOGY","","","1943-0604","IEEE TRANSACTIONS ON AUTONOMOUS MENTAL DEVELOPMENT","","","11","A UNIFIED ACCOUNT OF GAZE FOLLOWING","1","34","WOS:000312482700001","4","COMPUTER SCIENCE, ARTIFICIAL INTELLIGENCE; ROBOTICS; NEUROSCIENCES","11","ISI","UNIV CALIF SAN DIEGO;GOETHE UNIV FRANKFURT;UNIV CALIF SAN DIEGO","UNIV CALIF SAN DIEGO","","JASSO H, 2012, IEEE T AUTON MENT DE","JASSO H, 2012, IEEE T AUTON MENT DE"
"JIA Q;TANG WKS","JIA, QIANG;TANG, WALLACE K. S.","BARAHONA M, 2002, PHYS REV LETT, V89, DOI 10.1103/PHYSREVLETT.89.054101;BOYD S., 1994, LINEAR MATRIX INEQUA, V15;HALE J.K., 1977, THEORY FUNCTIONAL DI","THIS WORK STUDIES THE CONSENSUS PROBLEM OF A GROUP OF AGENTS WITH NONLINEAR DYNAMICS WHILE DIRECTIONAL COMMUNICATIONS BETWEEN AGENTS WITH DELAY ARE AS","","","","","","3015","","CITY UNIV HONG KONG, DEPT ELECT ENGN, KOWLOON, HONG KONG, PEOPLES R CHINA.;","","","","","","2021-08-04","COMPLEX NETWORK; CONSENSUS; MULTI-AGENT; SWITCHING TOPOLOGY","10.1109/TCSI.2012.2206453","ARTICLE","","","","1558-0806","QIANGJIA@STUDENT.CITYU.EDU.HK; EEKSTANG@CITYU.EDU.HK","3023","","CITY UNIVERSITY OF HONG KONGCITY UNIVERSITY OF HONG KONG [7008105]","THIS WORK WAS SUPPORTED BY CITY UNIVERSITY OF HONG KONG UNDER GRANT 7008105. THIS PAPER WAS APPROVED BY ASSOCIATE EDITOR XIANG LI.","046ZB","","","COMPLEX DYNAMICAL NETWORKS; MULTIAGENT SYSTEMS; SYNCHRONIZATION","12","IEEE T CIRCUITS-I","IEEE TRANS. CIRCUITS SYST. I-REGUL. PAP.","ENGLISH","38","","TANG, WALLACE K.S./0000-0002-5786-418X; JIA, QIANG/0000-0002-6885-1050","445 HOES LANE, PISCATAWAY, NJ 08855-4141 USA","DEC","9","PISCATAWAY","","","J","IEEE-INST ELECTRICAL ELECTRONICS ENGINEERS INC","2012","","JIA, Q (CORRESPONDING AUTHOR), CITY UNIV HONG KONG, DEPT ELECT ENGN, KOWLOON, HONG KONG, PEOPLES R CHINA.","ENGINEERING","","","1549-8328","IEEE TRANSACTIONS ON CIRCUITS AND SYSTEMS I-REGULAR PAPERS","","","32","CONSENSUS OF NONLINEAR AGENTS IN DIRECTED NETWORK WITH SWITCHING TOPOLOGY AND COMMUNICATION DELAY","1","41","WOS:000311803300020","59","ENGINEERING, ELECTRICAL & ELECTRONIC","32","ISI","CITY UNIV HONG KONG","CITY UNIV HONG KONG","","JIA Q, 2012, IEEE T CIRCUITS-I","JIA Q, 2012, IEEE T CIRCUITS-I"
"NAGY D;BEDE O;DANKA J;SZENASI Z;SIPKA S","NAGY, D.;BEDE, O.;DANKA, J.;SZENASI, Z.;SIPKA, S.","AGOSTINI C, 1999, AM J PHYSIOL-LUNG C, V277, PL240;ANONYMOUS, 1989, ALLERGY, V44, P1;ARAI T, 2000, AM J PHYSIOL-LUNG C, V278, PL914;ARANGO CA, 1998, S","TOXOCARA INFECTION IS ASSOCIATED WITH AN INCREASED PREVALENCE OF AIRWAY SYMPTOMS AND MAY BE A POSSIBLE AETIOLOGIC AGENT OF CHRONIC COUGH. THE OCCURREN","","","","","","581","","UNIV SZEGED, FAC MED, DEPT PAEDIAT, ALBERT SZENT GYORGYI MED & PHARMACEUT CTR, H-6725 SZEGED, HUNGARY.;  NATL CTR EPIDEMIOL, BUDAPEST, HUNGARY.;  UNIV","","","","","","2021-08-04","CYTOKINES; IMMUNOREGULATION; TOXOCARIASIS","10.1111/pim.12010","ARTICLE","","","","1365-3024","BEDEOLGA@GMAIL.COM","588","","","","041NB","","","VISCERAL LARVA MIGRANS; INTESTINAL HELMINTH INFECTION; BRONCHOALVEOLAR LAVAGE FLUID; IFN-GAMMA PRODUCTION; INTERLEUKIN-5 PRODUCTION; INDUCED EOSINOPHI","12","PARASITE IMMUNOL","PARASITE IMMUNOL.","ENGLISH","60","","","111 RIVER ST, HOBOKEN 07030-5774, NJ USA","DEC","8","HOBOKEN","23009389","","J","WILEY","2012","DANKA, JOZSEF/B-9488-2008; NAGY, DORA/B-9616-2017","BEDE, O (CORRESPONDING AUTHOR), UNIV SZEGED, FAC MED, DEPT PAEDIAT, ALBERT SZENT GYORGYI MED & PHARMACEUT CTR, KORANYI FASOR 14-15, H-6725 SZEGED, HUN","IMMUNOLOGY; PARASITOLOGY","","","0141-9838","PARASITE IMMUNOLOGY","","","14","ANALYSIS OF SERUM CYTOKINE LEVELS IN CHILDREN WITH CHRONIC COUGH ASSOCIATED WITH TOXOCARA CANIS INFECTION","0","16","WOS:000311407400004","34","IMMUNOLOGY; PARASITOLOGY","15","ISI","UNIV SZEGED;NATL CTR EPIDEMIOL;UNIV MED SCH DEBRECEN","UNIV SZEGED","","NAGY D, 2012, PARASITE IMMUNOL","NAGY D, 2012, PARASITE IMMUNOL"
"CASSELL B;WELLMAN MP","CASSELL, BEN-ALEXANDER;WELLMAN, MICHAEL P.","BOMZE IM, 1983, J THEOR BIOL, V101, P19, DOI 10.1016/0022-5193(83)90271-0;CHAPMAN DA, 2009, J FINANC, V64, P1863, DOI 10.1111/J.1540-6261.2009.01482.X","IN A REPRESENTATIVE AGENT MODEL, THE BEHAVIOR OF A SOCIAL SYSTEM IS DESCRIBED IN TERMS OF A SINGLE AGGREGATE DECISION MAKER. SUCH MODELS ARE POPULAR I","","","","","","445","","UNIV MICHIGAN, ANN ARBOR, MI 48109 USA.;","","","","","","2021-08-04","EMPIRICAL GAME THEORY; AGENT-BASED MODELING; MARKET SIMULATION; EQUITY PREMIUM","10.1007/s10588-012-9133-y","ARTICLE","","","","1572-9346","BCASSELL@UMICH.EDU","462","","U.S. NATIONAL SCIENCE FOUNDATIONNATIONAL SCIENCE FOUNDATION (NSF) [CCF-0905139]; ARMY RESEARCH LABORATORY COLLABORATIVE TECHNOLOGY ALLIANCE IN NETWORK","THIS RESEARCH WAS SUPPORTED IN PART BY GRANT CCF-0905139 FROM THE U.S. NATIONAL SCIENCE FOUNDATION, AND THE ARMY RESEARCH LABORATORY COLLABORATIVE TEC","035ZN","","","PREMIUM; RISK","4","COMPUT MATH ORGAN TH","COMPUT. MATH. ORGAN. THEORY","ENGLISH","30","","WELLMAN, MICHAEL/0000-0002-1691-6844","VAN GODEWIJCKSTRAAT 30, 3311 GZ DORDRECHT, NETHERLANDS","DEC","18","DORDRECHT","","","J","SPRINGER","2012","WELLMAN, MICHAEL/AAQ-7063-2020","CASSELL, B (CORRESPONDING AUTHOR), UNIV MICHIGAN, ANN ARBOR, MI 48109 USA.","COMPUTER SCIENCE; MATHEMATICS; MATHEMATICAL METHODS IN SOCIAL SCIENCES","","SI","1381-298X","COMPUTATIONAL AND MATHEMATICAL ORGANIZATION THEORY","","","4","ASSET PRICING UNDER AMBIGUOUS INFORMATION: AN EMPIRICAL GAME-THEORETIC ANALYSIS","0","13","WOS:000310993900005","18","COMPUTER SCIENCE, INTERDISCIPLINARY APPLICATIONS; MATHEMATICS, INTERDISCIPLINARY APPLICATIONS; SOCIAL SCIENCES, MATHEMATICAL METHODS","4","ISI","UNIV MICHIGAN","UNIV MICHIGAN","","CASSELL B, 2012, COMPUT MATH ORGAN TH","CASSELL B, 2012, COMPUT MATH ORGAN TH"
"WANG MH;HU XL","WANG, MINGHAO;HU, XIAOLIN","AJZEN I, 1991, ORGAN BEHAV HUM DEC, V50, P179, DOI 10.1016/0749-5978(91)90020-T;AJZEN I., 1985, ACTION CONTROL COGNI;ARMITAGE CJ, 1999, J APPL SOC PSY","COMMUNITY COLLECTIVE EFFICACY IS AN IMPORTANT CONCEPT IN STUDYING VARIOUS COMMUNITY PROBLEMS AND IN DEVELOPING COMMUNITY WELL-BEINGS. WHILE EXISTING R","","","","","","463","","GEORGIA STATE UNIV, DEPT COMP SCI, ATLANTA, GA 30303 USA.;","","","","","","2021-08-04","COLLECTIVE EFFICACY; THEORY OF PLANNED BEHAVIOR; AGENT-BASED MODELING; COMMUNITY; NEIGHBORHOOD; SPATIAL DYNAMIC","10.1007/s10588-012-9107-0","ARTICLE","","","","1572-9346","CSLOADER@GMAIL.COM; XHU@CS.GSU.EDU","487","","","","035ZN","","","PLANNED BEHAVIOR; SELF-EFFICACY; NEIGHBORHOODS; SYSTEMS; HEALTH","4","COMPUT MATH ORGAN TH","COMPUT. MATH. ORGAN. THEORY","ENGLISH","20","","","VAN GODEWIJCKSTRAAT 30, 3311 GZ DORDRECHT, NETHERLANDS","DEC","25","DORDRECHT","","","J","SPRINGER","2012","","WANG, MH (CORRESPONDING AUTHOR), GEORGIA STATE UNIV, DEPT COMP SCI, ATLANTA, GA 30303 USA.","COMPUTER SCIENCE; MATHEMATICS; MATHEMATICAL METHODS IN SOCIAL SCIENCES","","SI","1381-298X","COMPUTATIONAL AND MATHEMATICAL ORGANIZATION THEORY","","","8","AGENT-BASED MODELING AND SIMULATION OF COMMUNITY COLLECTIVE EFFICACY","0","19","WOS:000310993900006","18","COMPUTER SCIENCE, INTERDISCIPLINARY APPLICATIONS; MATHEMATICS, INTERDISCIPLINARY APPLICATIONS; SOCIAL SCIENCES, MATHEMATICAL METHODS","9","ISI","GEORGIA STATE UNIV","GEORGIA STATE UNIV","","WANG MH, 2012, COMPUT MATH ORGAN TH","WANG MH, 2012, COMPUT MATH ORGAN TH"
"TEACY WTL;LUCK M;ROGERS A;JENNINGS NR","TEACY, W. T. LUKE;LUCK, MICHAEL;ROGERS, ALEX;JENNINGS, NICHOLAS R.","ASHRI R., 2005, P 4 INT JOINT C AUT, P1005;BERGER J. O., 1993, STAT DECISION THEORY;BLEI DM, 2006, BAYESIAN ANAL, V1, P121, DOI 10.1214/06-BA104;BURNE","IN MANY DYNAMIC OPEN SYSTEMS, AUTONOMOUS AGENTS MUST INTERACT WITH ONE ANOTHER TO ACHIEVE THEIR GOALS. SUCH AGENTS MAY BE SELF-INTERESTED AND, WHEN TR","","","","","","149","","UNIV SOUTHAMPTON, SOUTHAMPTON SO17 1BJ, HANTS, ENGLAND.;  KINGS COLL LONDON, DEPT INFORMAT, LONDON WC2R 2LS, ENGLAND.;  KING ABDULAZIZ UNIV, DEPT COMP","","","","","","2021-08-04","TRUST; REPUTATION; PROBABILISTIC TRUST; GROUP-BASED TRUST","10.1016/j.artint.2012.09.001","ARTICLE","","","","1872-7921","WTLT@ECS.SOTON.AC.UK; MICHAEL.LUCK@KCL.AC.UK; ACR@ECS.SOTON.AC.UK; NRJ@ECS.SOTON.AC.UK","185","","","","049IZ","","","SYSTEMS; MECHANISMS; INFERENCE; CONTEXT","","ARTIF INTELL","ARTIF. INTELL.","ENGLISH","76","GREEN ACCEPTED, BRONZE","JENNINGS, NICK R/0000-0003-0166-248X; LUCK, MICHAEL/0000-0002-0926-2061; CHEN, XI/0000-0002-4224-2556","RADARWEG 29, 1043 NX AMSTERDAM, NETHERLANDS","DEC","37","AMSTERDAM","","","J","ELSEVIER","2012","JENNINGS, NICK R/F-7358-2011; LUCK, MICHAEL/H-5425-2011","TEACY, WTL (CORRESPONDING AUTHOR), UNIV SOUTHAMPTON, SOUTHAMPTON SO17 1BJ, HANTS, ENGLAND.","COMPUTER SCIENCE","","","0004-3702","ARTIFICIAL INTELLIGENCE","","","61","AN EFFICIENT AND VERSATILE APPROACH TO TRUST AND REPUTATION USING HIERARCHICAL BAYESIAN MODELLING","0","17","WOS:000311977500006","193","COMPUTER SCIENCE, ARTIFICIAL INTELLIGENCE","70","ISI","UNIV SOUTHAMPTON;KINGS COLL LONDON;KING ABDULAZIZ UNIV","UNIV SOUTHAMPTON","","TEACY WTL, 2012, ARTIF INTELL","TEACY WTL, 2012, ARTIF INTELL"